R0,rho,i0,peak_count,n_sloppy,drs_geo,drs_var,drs_geo_control,drs_var_control,margin,margin_sd,margin_snr,shrink_max,shrink_min
1.1899644732545789,0.07221194797830306,3.775745258622282e-05,12.196353157743383,2,0.0017814901905000922,0.3637725351430459,0.0005554503173801509,0.0428414535199576,0.002100891760131749,0.0007679828871586346,2.7355971015247227,1.6593239191479514,1.000000000093974
1.1717201846983623,0.1250778661184687,7.393265586953055e-06,3.6768266114081554,2,0.0006551297589174117,0.12573656491256424,0.0011074416668571902,0.03438890092373099,0.0012097276601450904,0.0009352664519981008,1.2934577708423427,1.5956750217032611,1.000000000022233
1.3714676080859052,0.2644908027865287,7.422021043494432e-06,9.59105933162588,2,0.0008786800468864441,0.13211053932900704,0.0021053171198299634,0.04192406059883577,0.0006190923801409698,0.0030868491891334645,0.20055802606759693,1.6329485064200924,1.0000000000277365
1.4287092281357057,0.19794540617803574,6.6322952799558304e-06,71.3172198325679,2,0.00035078043559352677,0.14613489464787924,0.0004771727649985284,0.18872103222547434,0.01471411948730416,0.02122023268996119,0.6934004778498529,1.6493340131308671,1.0000000000791043
1.2631747435528955,0.4314993119574554,1.6548507045266029e-06,3.1184585831164915,3,0.002201778574633164,0.1425762752375589,0.003096880729654397,0.04420991657509434,0.0016462967225236058,0.00040931477146530855,4.022079918176463,1.569384104612157,1.0000000000012055
1.3019521240594114,0.1455333644654972,1.7820631446932776e-06,0.8542257463409095,3,0.0012940953715073146,0.13529985813478704,0.017346707104448095,0.07630706122092691,0.0017300903631381381,0.0003043991005728049,5.683625082605467,1.4735870337317287,1.0000000000003935
1.3753062758524324,0.054282968169375605,2.193312081758764e-06,1.8942510058296247,3,0.0008100586228643692,0.07466834816369829,0.01402889850520681,0.1297107912272019,0.002213490709566548,0.0010141212637835037,2.1826686695320965,1.4261464772126282,1.0000000000005378
1.2606509908901586,0.11618725673103177,1.068252412310958e-06,1.402988140053846,3,0.00026175651693841214,0.022891268789927335,0.013511137795835996,0.1116639794990165,0.0007702694002187302,0.002077290131467245,0.3708049196164373,1.4270500128910637,1.0000000000008669
1.1998872617729759,0.05727521801180499,1.142484725786344e-06,0.36287819584452585,5,0.9984666312217602,0.9144435601713178,0.9871206753053444,0.8006314702308597,0.0017261950163452592,0.00040367250025227357,4.276226434217046,1.3245345069649168,1.0000000000001987
1.439819302760252,0.062412729460783564,1.964990580900448e-06,1.6055883919787375,3,0.0006177059115877845,0.07721006883711737,0.005550173190781799,0.10045068056502342,0.0021831930746609757,0.0010284466185550456,2.1228064104370667,1.4242748339652593,1.0000000000003273
1.1575370891900556,0.3138711271427766,2.149850644007803e-06,2.5553005927329604,3,0.001858922701798889,0.15153443541797035,0.0025111668798994775,0.04619099848585397,0.0017782164076664167,0.0002392427543314707,7.432686572412131,1.5662385986089853,1.0000000000002132
1.1690767618506792,0.3697069928495832,2.1042297388516533e-06,4.912288879336087,2,0.00033579630895335375,0.08480706864531529,0.0007400957327167787,0.03672242185681143,0.0015284620584409083,0.0005982468844531737,2.5549018275924595,1.5817768231282916,1.0000000000004095
1.1787400858578192,0.17029405197702885,2.812454380413916e-05,9.260822411874853,2,0.002007971590069065,0.2837027299891672,0.000990864930533227,0.014494741241786784,0.000994419818289872,0.0009379264858747685,1.0602321538690893,1.6888190053530585,1.00000000019843
1.218323426886194,0.5181864186222851,3.7915395774879366e-06,5.671312396589089,2,0.0012151940403425728,0.18736227209651224,0.00114502208653445,0.023546750071099364,0.00167126728692344,0.0003246375290125641,5.148102537642094,1.6413624680801306,1.0000000000115281
1.2912476508210438,0.059121961757305226,4.857890728554621e-06,2.5101331827921967,3,0.0009716186115814873,0.05925325729116287,0.00883846894031555,0.08701617694303938,0.0019283508987997127,0.005910785166960854,0.3262427654414671,1.5017091254263386,1.0000000000010376
1.227382935190575,0.2587152172916726,1.5002424052243431e-05,39.3670096241396,3,0.0009893611860340703,0.31032645964337663,0.036832610926149964,0.497610579095812,0.002127178885829673,0.0008162035992281659,2.606186603246073,1.682059100648097,1.0000000004188516
1.4152280462865117,0.07144363981101191,5.660648359045704e-06,4.3810496487954165,3,0.0011393397122861219,0.1317766301606584,0.0032623335147906347,0.09216193170118289,0.0015186635440433078,0.0016991011372804036,0.8938040889514641,1.5116294362683458,1.0000000000155682
1.4171960401659298,0.12213518000826322,1.8924685342238838e-06,11.87532796521149,3,0.0009471584515355938,0.08739577821157889,0.0016124330235366268,0.18401259499359826,0.0012692205410766181,0.006068211874282457,0.20915890337574916,1.4886910974096268,1.0000000000020548
1.499522801681568,0.05816715092924452,3.011326640630883e-05,15.473911779323867,2,0.0011144256863405758,0.20026601090926313,0.022918055199294952,0.22773824728589007,0.005900221106241283,0.009153768416895988,0.64456744343135,1.6269967738033113,1.0000000001376068
1.3618515214743898,0.22820645917758894,2.4750779187021695e-06,4.083832424611397,3,0.0018929415814099863,0.09799522085805701,0.0024892086586413443,0.050662357207240195,0.00012362687057081373,0.0025535224488716186,0.04841424857080989,1.5549645647413983,1.0000000000002176
1.1618672731669,0.11206984503906019,1.2393854034263675e-05,3.478702993284895,2,0.0012684628988980863,0.1966628582825478,0.0014456132478595184,0.024488129006752533,0.001370896275263378,0.0006518549691565982,2.1030694558286647,1.6269896099812986,1.000000000029959
1.2627691147729307,0.4829172503446281,1.5721844831395376e-06,2.5005912448982563,2,0.0010743592088978378,0.14353948176046952,0.001517726775161709,0.028719513486750593,0.0017838633666336255,0.00021759023235923175,8.198269505446122,1.5813311790426576,1.0000000000001172
1.176631812661415,0.284878883877115,1.2983970387283e-06,2.6244145643064702,3,0.0016606182577098604,0.09866988832350422,0.0012186969377820552,0.04704636268961177,0.001620153464142216,0.0005208759180693888,3.110440333174294,1.521212313183811,1.0000000000041402
1.4247913096938247,0.05651947108546765,2.303367380509181e-05,12.067142465068178,3,0.003177167471730318,0.25874661362322765,0.032500888191469804,0.19516899896770634,0.002063862922856246,0.005323561479502061,0.38768462256010033,1.602124914306678,1.0000000001664138
1.391949564541414,0.35583048848047644,2.6505344505543107e-06,35.004385509608,2,0.00036510818198556263,0.13569500843641602,0.0014899933944640636,0.22050716590968233,5.5676115519018125e-05,0.0037433496713229412,0.01487334083308909,1.6136755037627244,1.0000000000101708
1.1929165696122184,0.22527840058805237,1.0559315430540364e-05,8.610591418698542,2,0.0008918479425372377,0.17556471300179094,0.000975529762855661,0.02876780889044334,0.000909661059580109,0.0011901742861494839,0.7643091185603528,1.6522061423664316,1.0000000000126978
1.22566340604266,0.10289247435276419,2.275757985190766e-05,10.201417572836773,2,0.0007589264967007432,0.15488493335448333,0.0020207459017530832,0.04876175710962862,0.0016685584000687482,0.004192247367486532,0.39801048311448634,1.6457918317481157,1.0000000004086917
1.2841000352103706,0.0948389412722884,4.612537800063287e-05,43.837487460149596,2,0.0010008429117612703,0.2901777741146169,0.02291327624334572,0.21552213310233925,0.0013769404182107448,0.004287681053910643,0.3211387229828781,1.6859768662519963,1.000000002478253
1.1797283122021534,0.07347664225017343,2.2799549861052584e-05,5.620291763234551,2,0.0009027650313251436,0.16638806662161698,0.0014930647499481408,0.036595619183051084,9.147209645894933e-05,0.002136805297778958,0.04280787611020406,1.634493106367107,1.0000000000166283
1.4162661052025367,0.10505400110628679,1.2462606563385294e-05,63.332588079080566,2,0.0003622692041582638,0.1477584732680548,0.0004847110542656566,0.18923751202153197,0.021470192531025303,0.028644910524223525,0.7495290485501453,1.6463233012948832,1.00000000226468
1.2587547053984738,0.441393099045771,1.4892861332233333e-05,40.389712630229866,3,0.0016224699290878276,0.36344665040874846,0.030936868188239455,0.4034880612059334,0.00222136376891721,0.0006692416964839588,3.319224998364181,1.69137906638781,1.0000000000333733
1.4016154171557331,0.20396856617131343,1.2773031689334664e-06,7.4723924522821585,3,0.0013870449165797522,0.10578859491618711,0.018548615431870055,0.13963728492047447,0.001808779338594216,0.0015680212595231423,1.1535426114976857,1.4935504000637208,1.0000000000019882
1.3327513063626628,0.17153425886729112,3.1431272222751554e-05,112.20189275090048,3,0.0006520921329814755,0.2504019936515679,0.00219321826624588,0.36747641036252043,0.006672064422983208,0.010140717602568934,0.6579479563944254,1.7011265608127006,1.0000000085390195
1.1835734579960522,0.23299284420037608,5.927190575460238e-06,5.532311167161466,2,0.0006730184154699821,0.13594623823244695,0.0008288112251334434,0.03296355882514641,0.0013053592095262898,0.0007969684896385789,1.6379056719272094,1.6132465222547747,1.000000000001925
1.2886329128866476,0.1397917060227202,7.897611738078805e-06,5.545875568268664,3,0.0025749933451965235,0.15745248629030587,0.0076824547998359605,0.0743580718060737,0.00020478227467527095,0.002749521544000969,0.07447923989614638,1.5914559954739775,1.0000000000203777
1.3131864598754766,0.07651785560047826,1.0458882959367903e-06,0.443108085896508,5,0.9974396056041425,0.8914629922455364,0.9699172550350209,0.7522677103094553,0.0015822547005396414,0.0006030635425266484,2.62369483306931,1.3533194646041466,1.0000000000001659
1.1708315883563578,0.5866276800890682,8.142131411198993e-06,29.121485446406655,2,0.0005526712762426589,0.19200192518257117,0.0006329506087824156,0.028466815286490525,0.000352417732499707,0.0018132162114939934,0.19436056784939815,1.6909908418748836,1.0000000000108862
1.1873021030342263,0.19202661377193678,3.0848590192696415e-06,1.4686027397810775,3,0.002009026006637659,0.1902269233706077,0.0015296610407876659,0.025169406169903773,0.0018015475358625173,0.0001902991053634799,9.466925934420342,1.5573846371481925,1.0000000000011073
1.230755914864514,0.1369588568655436,1.7903764098678638e-05,27.317042926968675,2,0.0008810584579406472,0.2765890583274341,0.0019382010763824024,0.08909723398111867,0.0018632652766664053,0.0011159764464200423,1.66962777990844,1.661079241367899,1.0000000004054221
1.4883813785729763,0.1765575477124243,1.3222735757358118e-06,1.5609382619348746,3,0.0005372344270447002,0.0575972842369403,0.009680644915141956,0.07311264526943023,0.0007619028461686114,0.00176034856287112,0.43281362693644687,1.480094038518063,1.0000000000000537
1.166460910345201,0.22760305869590874,1.121029089388817e-06,0.6032822939765803,4,0.005616749154398283,0.22633227677646486,0.4597944206372365,0.6271957522444127,0.0019150046684443876,6.188009154766517e-05,30.94702384157419,1.4627819069323154,1.0000000000000884
1.1638366449232704,0.123875361648415,3.2182481673378705e-05,20.10936623990894,2,0.0017372413712541264,0.4046616112499574,0.0003349632443343706,0.037352032020847956,0.002335772339818751,0.0005431271840338169,4.300599212270911,1.6817228173892567,1.0000000039516468
1.4720164749523708,0.07323310291872176,9.489516219713021e-06,22.25842612632015,3,0.0021572851421905927,0.18111711857295373,0.0024133935944962792,0.2605418418121643,0.013465336835908564,0.01993550705558903,0.6754449133579215,1.5827829234171664,1.0000000001002767
1.1767126070538834,0.15221945613956617,1.582826281950636e-06,1.5268767602054703,3,0.0007809693603804971,0.06567296392135931,0.0025975199341726086,0.0589303587097316,0.001613779481745376,0.0005425568977755741,2.9743967653193635,1.4822620836594922,1.0000000000037372
1.4616366407101962,0.26649832944888696,4.307156343121351e-06,152.65124822910283,2,0.00024150583961746826,0.12803177848139718,0.000279856314371321,0.14949940052920413,0.05155767609120721,0.06322955441634065,0.8154047038149452,1.6592187211222926,1.000000000554736
1.2073426063872563,0.2788156602594852,7.131049215278437e-06,9.467190654115976,2,0.0006712378657363951,0.14746179942199952,0.0009883885290676428,0.031113773957605333,0.0007542047592311667,0.001436859401181277,0.5248980927508403,1.643913042065111,1.000000000009926
1.295713651179831,0.07435857343037222,3.914815278846353e-05,17.095045289044812,2,0.0014142030259273533,0.30144754829522913,0.0018535107217008656,0.07366979404537316,0.0006256899168053422,0.002199487896193541,0.2844707251575098,1.648540348726474,1.000000000576623
1.3094270393313003,0.1347469658222902,1.644656611655907e-06,0.8981308888905561,3,0.0009359017882894001,0.10641586816442355,0.012580723388877347,0.07475491977031096,0.0016365806364476202,0.0004483572334181754,3.6501711458309596,1.4639267832396836,1.000000000000147
1.1599347468437793,0.4680185537749767,3.5384453387129684e-05,54.08696214166998,3,0.0024068673033666296,0.3430003295127204,0.11339177849691313,0.6044041437905328,0.0005238634863239007,0.0024331367148899127,0.21530376123875264,1.7191474147104313,1.0000000006070562
1.4748246999130399,0.134197667001882,4.7732361234441444e-06,19.941086356182424,3,0.0017418805282238153,0.16621661782239205,0.002307380580836566,0.2897170851861855,0.005014924517774654,0.009894237086043589,0.5068530776211644,1.5684542729011375,1.0000000000451468
1.1627754695753671,0.1593623677079888,1.6581207403323637e-05,7.423298245766356,2,0.0010853809359980416,0.20141086941923492,0.0009647294854193791,0.028547289446662596,0.0010191001825020063,0.0010204963839120077,0.9986318409040813,1.6514161565574885,1.0000000000086204
1.291258041819929,0.05142794314588083,1.015100243683362e-05,4.251208373247601,3,0.0025360831597187714,0.2185176337069141,0.002491897915101465,0.07056598196389144,0.002107689296308086,0.0009427646057918067,2.23564745999123,1.5492577834743737,1.0000000000092537
1.3240620594105692,0.0522775525702209,1.112613304966868e-06,0.6335341504365162,4,0.007939273809449043,0.09413905040617582,0.29596087215303357,0.6024550718992782,0.0003211639963463719,0.0030128604042634396,0.10659770226722055,1.3444194871617274,1.000000000000501
1.3482435572604594,0.1268778179150384,3.739258889113214e-06,1.7898102720823563,3,0.0014816838094021717,0.12503550399895905,0.0029833818981950862,0.04029611022453935,0.0012327024878152951,0.0009280392247119802,1.3282870540282046,1.5384427210892908,1.0000000000001394
1.3358441199452649,0.21026617159235247,1.0084770059242276e-06,2.2761327294157474,3,0.0003776448356253691,0.03097015500389611,0.0032097557343271944,0.07341389152799918,0.00043780890491662387,0.002480844964039278,0.17647572148313104,1.4655428252202083,1.0000000000000808
1.2738061672354832,0.1981848599358022,1.1493233359959713e-05,10.52967307689271,2,0.0008156868621982793,0.1498629069420462,0.0017801027047922816,0.03953565008165011,0.0005877040295354419,0.00297555014243867,0.1975110488488618,1.6465227391352693,1.0000000000054694
1.4033991943727815,0.14997320627817554,2.319314353479867e-06,5.912400493560217,3,0.0009767299041636552,0.1103509659928531,0.00361914268254635,0.0981541869812297,0.0019524664896256915,0.001260888273723018,1.548484929485984,1.5032219330461933,1.0000000000067586
1.4565206808883286,0.488747196800214,1.6502493217933567e-06,74.30954525567212,2,0.0002520764766337929,0.11493949406523697,0.00033311507621544236,0.14569079004412092,0.009818715276950399,0.01658704850069988,0.5919507184497654,1.625154107652409,1.0000000001093623
1.1548117506795375,0.14864458421000315,7.450062768120393e-06,2.4832953620443314,2,0.0014425093350350648,0.20666049001825768,0.0015110409619252822,0.02091490727212712,0.0016720387639675037,0.00031977593440020457,5.228782356945351,1.6120453697750248,1.000000000009041
1.4077039259962763,0.09274848758839717,1.687024836150419e-05,16.537332678488383,2,0.0009158625612573158,0.20142936400987269,0.014103733905305593,0.1321937874393172,0.0011485457003731353,0.004351642209593538,0.263933854176034,1.628057189692554,1.0000000000232794
1.3788576154414875,0.09896433460179763,1.1298665316405727e-06,0.846055209707436,3,0.0005239693607724857,0.04972488043383914,0.015960174083249283,0.10554062452203107,0.000973696212492312,0.0015862454122324001,0.613837055088457,1.4079338120546732,1.000000000000311
1.2280918757039128,0.5624192888533207,2.3006623988208207e-06,5.532117412492685,2,0.0007467032889640593,0.13401611897846608,0.001134426137436404,0.029419722521200082,0.0016053627375701629,0.0004354140463144515,3.686979671782997,1.6173287391436881,1.0000000000002647
1.2474308126206735,0.06477861990510601,4.581629191161713e-06,1.3260066571518623,3,0.0007920460879908309,0.0932061444301603,0.0031138203907576374,0.050797289562325564,0.001107685005980096,0.0011792754910959786,0.9392928237240402,1.4974500488202322,1.0000000000011127
1.157736046887329,0.09802083952655367,1.4257602755337229e-05,5.442526074515879,2,0.0006894682882782557,0.14629123210852663,0.0010451494708757457,0.03485684276573045,0.0006743769309670829,0.0015352521051931916,0.4392613621475681,1.624281332126744,1.0000000000281037
1.4540490841908216,0.3579637798074301,1.1036146216739453e-05,44.523795789294304,2,0.0010368350353041332,0.24637428702833017,0.00788544642421486,0.10448552726602243,0.0008426244595892427,0.003848974524108537,0.21892180743503448,1.6760741292278087,1.0000000001627702
1.2060157042499158,0.463678982454927,2.1127930074207835e-05,42.42904565480039,2,0.0009215102709940249,0.23711749052243394,0.0013317834243297623,0.03277600975601551,0.001043967138739668,0.003117191895298457,0.33490627905014264,1.709902602476173,1.000000000504502
1.2861850886641932,0.2094032962847198,1.4403742779831881e-05,23.805371285471825,2,0.0011636551248689797,0.2855819016651085,0.0011124231724164836,0.046615104657425674,0.0018395496181371823,0.0010984829788935255,1.6746273301295163,1.6684805183926705,1.0000000003060463
1.2739167194420093,0.291123235802455,3.8939841068014437e-05,71.03678993289178,3,0.0015892594113830565,0.37124367524855845,0.07731555384594799,0.5878587592927412,0.000759593549654004,0.0019940504859265015,0.38092994887292025,1.7117846828731826,1.0000000008627807
1.4403568020044817,0.1333025840155872,2.2886639702376202e-05,35.924481271465154,2,0.0009540244682355007,0.23092503505321452,0.011688870348784547,0.2525046594930258,0.004726084752516171,0.007863711634695554,0.6009992446396647,1.663701937384082,1.000000001720217
1.178690128581286,0.4426601442830011,1.8170356474311785e-06,2.873458547558244,2,0.0007550735450504736,0.13091153345328316,0.0009070768950087335,0.030133848353071976,0.0018002451782151915,0.00020388169939968652,8.829851740081972,1.5853370500639112,1.0000000000018305
1.354919709144431,0.19781424932691788,4.3045458818725355e-05,53.61786757692653,3,0.0020912439573292827,0.35825598401000747,0.07601324785618985,0.4135907243382157,0.0010249970610082546,0.0036427565719770573,0.2813795104765815,1.6958019326051015,1.0000000027463494
1.2083616578021952,0.2265649627764061,7.423314109551483e-06,5.872597464954303,2,0.000903868125879446,0.1589643769271855,0.0010333771733401398,0.029643610937064333,0.0012089098069341083,0.0008742531517255337,1.3827914769858765,1.6296813260742935,1.0000000000185414
1.253672553508324,0.1574118232185483,6.418116010239147e-06,4.845971632984438,2,0.0006310180396599327,0.11080745149353102,0.0014032926751236922,0.0392130049699627,0.0005616425118349071,0.0017715356419157789,0.31703709400254243,1.5959241777042945,1.0000000000403957
1.2317819865408095,0.43258158049013185,1.024490360178735e-05,31.807651028200947,2,0.0005682544682774878,0.17337036164239342,0.0020352495967642437,0.04365851047705762,0.002073667908395485,0.004615888971845653,0.44924562116716893,1.6873266501404756,1.000000000043314
1.492256085971781,0.20509643799887936,1.6007594195061075e-05,106.36900084777427,2,0.0005782162765848814,0.20091376011173376,0.0008292442679917653,0.265556243733755,0.027920566062395322,0.03236113603306132,0.8627807761096721,1.688984988366549,1.0000000017822737
1.3933564131192022,0.05272559424664893,1.4104670720340083e-05,12.333935208340208,3,0.002431100107929545,0.20265151548186422,0.006222367243790722,0.2827016948332979,0.00267183780158051,0.00661116961527857,0.40413995662822344,1.5774493142342767,1.000000000060713
1.304508935432168,0.5799573062038538,3.355952757562908e-05,140.73247728029915,3,0.0014098413488266186,0.37080004779017733,0.02917230496103597,0.24880178610359352,0.0003253753632514438,0.0023836820103998574,0.13650116157769837,1.7149604553235605,1.0000000026879323
1.485880535911911,0.12276529100482098,1.5705898557148602e-06,1.4253131703353283,3,0.00044638575648949224,0.049351328741086296,0.011753252277679194,0.08506616858315026,0.00019229609314414106,0.0026716470528985923,0.0719766081883871,1.4630772521765472,1.0000000000000482
1.1969791402935817,0.23690341167262952,5.918915005290769e-06,5.5879844396149725,2,0.0007568010954152952,0.14405758902577365,0.0011322393611315326,0.030580315266723564,0.0012655276313697738,0.0008315721277235395,1.5218495055073624,1.6227342802801672,1.0000000000052198
1.4010094395976405,0.06370613917523898,3.0550325901107888e-06,3.032714855953773,3,0.0008093942269666645,0.0857652595843775,0.005406716381955591,0.11574187457556598,0.0017828110223336528,0.0015365445434971604,1.1602729187895797,1.459001725185101,1.0000000000044218
1.220120616657467,0.1143112978078839,3.5919253652699925e-06,1.2959150810147322,3,0.0013077223017691024,0.14377329679726988,0.003985404340354011,0.039699726299555246,0.0016390429861699207,0.00040715227932180633,4.025626453326198,1.52759394346337,1.000000000000966
1.4342424579718975,0.4295860364311854,1.1931782816499667e-05,20.108074562575244,2,0.001401237500685682,0.18560651150641821,0.0031848721318619,0.04176922751543867,0.0011258171001271152,0.003368368349861966,0.33423218104197266,1.6786479641462682,1.0000000000027789
1.3954041290973613,0.09136497907976032,7.612675269271007e-06,8.082989585808706,3,0.00154099083476303,0.17434661275202373,0.005532788914070164,0.10506475443223884,0.0010757697561090676,0.0021424262286232746,0.5021268605362241,1.5554100733827823,1.0000000001447427
1.3781257942912286,0.05599776218780378,3.083876619564919e-06,1.7191947732542985,3,0.0008232600282398215,0.10909163854669131,0.002656693459104368,0.0805012526403046,0.0023789376710320266,0.0007165013650203937,3.320213731852856,1.4482588264005154,1.000000000001473
1.4924337162084955,0.47056397320096294,3.6627881730351905e-06,93.38285992699076,2,0.0003882352091719011,0.1594855880017725,0.0005625419162410012,0.2134868842683677,0.013038940181365028,0.01861284932128612,0.7005343435759387,1.6579888383205903,1.0000000002022262
1.4922484696356095,0.2185838282155685,1.5035060115884702e-05,34.704131110781965,2,0.001064150948922435,0.2309064840153008,0.014466536878562695,0.15303625366373128,0.0026056556657796893,0.005653905551840858,0.46085942573471406,1.661351071206929,1.0000000001115241
1.3744260962714878,0.2643236767721782,4.537977366807334e-05,95.51144628007292,2,0.0013786307891826984,0.3300970540688301,0.01795295962293378,0.1548283406880423,0.003345211955351146,0.005850946263183056,0.5717386222465953,1.7155331498505006,1.0000000057424305
1.3174145677924507,0.147899174879895,3.086276993948522e-05,26.25685224352821,2,0.001522441370945878,0.3226794371132953,0.001335592872381374,0.05650898984660992,0.0008810998872067965,0.0019213896426505273,0.45857428792596844,1.6708945364838326,1.0000000016824349
1.2523315861385909,0.23333811775338023,4.457589337119207e-05,122.05446283131407,3,0.0010362598216078795,0.3286692453720222,0.1603878487766664,0.5657031260153182,0.0005996854610789979,0.003494437578765067,0.1716114389117022,1.7162281850103405,1.0000000083660998
1.1772049483991145,0.2752983734592319,3.357968313470898e-06,2.4829502791043865,2,0.0011780633590445528,0.17450209186248147,0.0012988546528749226,0.02458126820778881,0.0017722287978427665,0.0002209766221180533,8.019983203906435,1.5989210835250411,1.0000000000060203
1.1833895742746245,0.2329941992837964,2.907262042510958e-06,2.3743789865951532,2,0.000776433779159922,0.12848466758379712,0.0010083706696301287,0.03147584504585236,0.0017022766631290469,0.000327253597816865,5.20170496057208,1.572303081046711,1.0000000000010116
1.4530796235356174,0.5114202204063805,1.8657607800838415e-06,6.419654091717941,3,0.003144426490763767,0.13441672137866573,0.004958737221591695,0.054827187331339636,0.00037546560209222694,0.0021058596547112074,0.17829564342155432,1.5851387447618808,1.0000000000002869
1.2380588545023414,0.05597566337408054,3.2322784649678205e-05,10.256287469855316,2,0.0013768558239578984,0.2944951583279908,0.0010058559923474654,0.058069095440007934,0.0017025679952603632,0.0012000697962225575,1.4187241447285084,1.6269085848421945,1.00000000177549
1.2248366827787058,0.5422625149026213,1.8973961495743676e-05,49.19717688062454,2,0.000883287182943419,0.23032576145994452,0.0014992892609940228,0.03463675240637778,0.0015681674316824733,0.003695624619919875,0.42433082170463315,1.7110108527653638,1.0000000012519386
1.466222929961074,0.41267828857885236,4.705353739296558e-06,89.05891718072071,3,0.0007609130776461675,0.1947043260487256,0.000701503305575764,0.23913405191943204,0.009948539882056526,0.014841731766684522,0.6703085622655017,1.661550995836868,1.0000000000222447
1.2496142189409756,0.09643040243120866,1.0289034265354457e-05,2.8011284629989115,3,0.003348175204233249,0.20583944467869011,0.007434692962801076,0.047391329401737514,0.0011035940100162954,0.0009910212310662327,1.1135927015700222,1.5937481204884965,1.0000000000009932
1.4033803611518827,0.24305010019559078,1.7655315722427856e-05,254.36282397862965,3,0.00041150770737586977,0.19782005884400305,0.0005010567122833364,0.23547570664218648,0.03480829650047153,0.04085039765798905,0.852091986763417,1.7069415770430474,1.0000000154327553
1.3442384922747563,0.0826681719803426,2.197250429897924e-05,5.845612105944448,2,0.001340273315279787,0.16613233278959658,0.004410829887905698,0.04722902122319592,0.0011322569757506841,0.0034690768677299415,0.3263856694220785,1.6330538945200608,1.0000000001022162
1.3009090039483946,0.060076475398509695,2.776884990561195e-06,0.7830444162240207,3,0.0013763769012376944,0.10011250058221018,0.0383114537419656,0.1423284258440474,0.0012633986202598224,0.001002856952528395,1.259799433084202,1.4397210318279763,1.0000000000002813
1.2476204645676308,0.15043979492933346,1.0739612063062517e-05,10.456017099517918,2,0.0005147982137593254,0.11772787741523165,0.0024881584617802927,0.05231561723061137,0.0019136116900558171,0.004826829755638863,0.39645311455625143,1.6307965290744397,1.0000000000150078
1.4787644324861613,0.08649963687518496,1.8903322016399342e-06,0.9598988914647556,3,0.0010479796620265123,0.07367749125769148,0.02153676291240038,0.10373575451877322,0.0006916745715415981,0.0018774737294546709,0.36840705714827826,1.4399367311462112,1.000000000000033
1.1734573250328617,0.250031103653748,4.151470469588133e-06,2.116865552473748,2,0.0017382733857529583,0.22250572563812146,0.0016768670312835604,0.016063619079324673,0.0018121518066860091,0.00016396820780135537,11.051848592999196,1.60547897802743,1.000000000000788
1.202553669609408,0.16523212254440758,3.0196501990966214e-05,11.180675422775991,2,0.001753494180943211,0.26144648488823274,0.00251867281030766,0.023210300210129094,0.0005260851458438217,0.0014241761130683204,0.3693961308692336,1.6874848475304642,1.000000000029767
1.3911422295104063,0.14766133257943156,4.147021213577607e-06,2.57970317214787,3,0.0020577212507682007,0.12692158847150026,0.002317515932624242,0.04166722542460833,0.0008309872476732097,0.0014405971244431692,0.5768352814076381,1.5584181827930577,1.0000000000001688
1.3786262103658844,0.20512472722060338,7.548361948438671e-06,7.61872194082445,2,0.0008724255126090935,0.12433902355525461,0.0025475100606532357,0.04411053945707211,0.0007390109814297404,0.00327362030418703,0.22574731116022517,1.6224119517963056,1.0000000000169642
1.4613152381052013,0.20372470398843112,4.6255592907810566e-05,62.39004896281042,2,0.0016491097720591533,0.3154042468048882,0.0143516279128906,0.148840981298732,0.004703740745725967,0.0070509719112802835,0.667105301923105,1.7025444071617928,1.0000000007738261
1.4910297023841512,0.06957119431613028,1.0550572006807062e-05,38.62528132164645,2,0.00030402454860256075,0.10676882523247055,0.000401563423047622,0.13876089369854447,0.039240051631535044,0.04945755215677359,0.7934086892766047,1.5991911121121907,1.0000000009800167
1.2473290680596185,0.417070248383022,1.652945285381813e-05,20.77426076475575,2,0.0013689198447713134,0.23459353103624142,0.0014405795180224437,0.026684431270122173,0.00042822696878250504,0.001577353032479909,0.2714845440207181,1.6919088861874187,1.0000000000070337
1.4044191839561544,0.22326825596866506,2.6654955784106793e-05,55.60015780395203,2,0.001180822061860333,0.28419859179863377,0.016615504586307075,0.1558683186190843,0.0024429496290087867,0.00523909068833432,0.4662926783169468,1.692450930805697,1.0000000001069107
1.4143896299940024,0.06850458567775229,8.150036460130816e-06,7.876471811629505,3,0.0013407544791926773,0.14820880204599982,0.013348043320398236,0.1579216428071814,3.3734853245557216e-05,0.003461068142406356,0.009746948588565663,1.5398304824267948,1.0000000000844531
1.1841860135880202,0.11916201858226276,1.6149706353277522e-05,7.9221813171097395,2,0.0007180067035325551,0.15394073527442548,0.0011491400399942955,0.03711629013165677,8.112984388807063e-05,0.0022007211279913832,0.0368651179180156,1.639650833846389,1.0000000000487064
1.3067952320927594,0.41030624042040814,4.4810005636246765e-05,71.75927322550899,3,0.002780320748008888,0.43210791945232735,0.04721390554084431,0.4097838946035419,0.0010471181821573288,0.0016214247384891303,0.6458012865481814,1.713946397137232,1.0000000002129923
1.2698723138394985,0.098732886966381,1.5224785796581548e-05,29.185232262045044,2,0.0005617630524789183,0.20255311948971083,0.00577599031284477,0.23655049923160862,0.000694599979390133,0.0025768190687582805,0.26955714035632594,1.6410610898216826,1.0000000002095935
1.2474103904347662,0.28991243027740987,2.306633062775117e-06,4.23988527491977,3,0.0014091870386700202,0.10653827090905747,0.0024417743020548107,0.0516699300578601,0.001158291481046276,0.0011130772105716513,1.0406209650554283,1.5583657421234554,1.0000000000043214
1.447525735449216,0.15366598656637265,1.1896957417973435e-05,12.5919441588589,2,0.0012941616404693796,0.223925388600864,0.0020076522545111383,0.056992559060674165,0.000972853960106366,0.0020099484354945333,0.48401936235095616,1.6259141992217827,1.0000000000049436
1.2359858588046888,0.05428345605185344,2.794186589808812e-06,0.7027304412897643,3,0.0005834465669282041,0.08118635885550061,0.005666472702836825,0.06752359305004901,0.0014384155050339098,0.0007788458810769957,1.8468551224086271,1.4215138986238975,1.0000000000019402
1.1997778849953489,0.4148956796985077,9.652844459326545e-06,13.056178733465334,2,0.0010806608371775087,0.2090502197102314,0.0008814362541543798,0.024459903898350094,0.0011226027590630471,0.0009022352677133674,1.2442461509049418,1.6745282126260173,1.0000000000154112
1.35071099060844,0.3191856962075582,3.5742769427752805e-05,182.51858025674062,3,0.0008232198675697167,0.28266136882573367,0.006916881662935785,0.4691834559916625,0.006715380751405285,0.009692783195639744,0.6928227544000127,1.7198045575460652,1.000000002160096
1.353068654704028,0.33452763434659233,2.2822960295849952e-05,49.324901799376235,3,0.0022885488346498757,0.3598837712975594,0.07312761509905615,0.5057134506761396,0.0007602002673781898,0.002034461000249533,0.3736617547767929,1.6956999069372116,1.0000000010631527
1.2196799371207403,0.3778621339620102,8.225215937108599e-06,23.852483341291887,2,0.00048179484313870167,0.1518324702033833,0.0016500983074283682,0.04283962686161445,0.0014407447306370239,0.0040501840954674925,0.3557232700235385,1.6718945422591074,1.000000000023872
1.2188242566922058,0.3044062881399332,1.1200228334074044e-06,0.8138642780263058,3,0.0016301838122637455,0.18390570984810004,0.021865576224165954,0.0658730566564679,0.001902216128785914,7.557033907762218e-05,25.17146478371693,1.4943087522722076,1.0000000000000593
1.245888249771004,0.37039019767403536,9.297371057209648e-06,14.470498310860641,2,0.000858355955704416,0.17274201487248517,0.001004198564646477,0.031728272500353004,0.0004244848125729661,0.0017343471973294891,0.2447519235056157,1.6601730572340532,1.0000000000297218
1.1879590443616612,0.11433177100498502,9.757249911026982e-06,8.702554492031219,2,0.0003118858209805601,0.09224621959255783,0.001758947289005396,0.057828381890723424,0.0013093033869767956,0.004361312914742342,0.3002085409994359,1.6055518319762914,1.0000000001187657
1.2760823364879386,0.07635041156280604,2.6135927306489064e-06,0.5408018600259058,5,0.9970977566375208,0.9095248595989055,0.9279954978839163,0.7196090420008169,0.001743018978944977,0.0002824392684286434,6.171305387676078,1.4295229465952226,1.0000000000000167
1.3614642243685562,0.06333459229875521,4.578602865730229e-06,4.315072167035386,3,0.0014312927645325833,0.1257392305078583,0.005417859460005882,0.1086189222146002,0.001686737937911507,0.001605517099639504,1.0505885850049432,1.4980975931514269,1.000000000042258
1.174485742765011,0.06478546125296954,4.5963151589896204e-06,0.5905392466588789,3,0.002165748460656968,0.22378327812764273,0.05261486526974792,0.10134280439270235,0.0018024498895756924,0.00018996017913575232,9.488567013234903,1.467608778075272,1.0000000000000653
1.4084938414183716,0.10207687199088473,6.323282610001263e-06,11.041128988889811,3,0.002311283790040567,0.18290685033942228,0.017415523601037677,0.1581317234294569,7.5365434805936896e-06,0.0035503154505199057,0.002122781365664294,1.5673112828513212,1.0000000000115836
1.1731406314448518,0.05748803474579633,2.2857732463386566e-05,4.917996853838137,2,0.0007390587203433708,0.14422271281391638,0.001412576770008915,0.04090033857735283,0.00018204107651584702,0.0025505171086710517,0.07137418364964414,1.6185245821035823,1.0000000004775336
1.337927836723864,0.0996007163132408,8.480974737451945e-06,3.927659459241323,3,0.002501174036750951,0.1409960368768506,0.004849004039591345,0.05901468048697464,0.0004468428456701084,0.0030670544825034747,0.1456911992334007,1.5763130988919163,1.0000000000359108
1.326941170714445,0.08902185709165442,1.3335464066153008e-05,20.73474892683225,2,0.0005678080534538336,0.17686763278417714,0.008528728360842825,0.22309219668691893,0.00026872898494996293,0.0036759814707657836,0.0731040096603047,1.613928516489595,1.0000000019585344
1.3404792904949925,0.11547123026380147,1.2303361170630391e-05,18.210819174957546,2,0.0007329878076588928,0.19550475986265048,0.010131674975787425,0.12294822070997682,0.0005375983049997314,0.002648678375930902,0.20296851059192403,1.6241713253458656,1.0000000001737435
1.1757653937737436,0.20513521221258618,1.3745888947872993e-05,9.318285942959271,2,0.0009622965385749284,0.19252630665392403,0.0009225655564225593,0.02806592458115984,0.0008816664571445389,0.0011898042228525648,0.7410180937421258,1.6602433319123593,1.000000000016183
1.1888403662896558,0.06125223854245379,2.4532781297379737e-06,0.291277667048776,5,0.9996620762705123,0.9887110894802367,0.9815615282048423,0.9152579737842581,0.0018769120282646813,0.00010956774538478508,17.13015104648959,1.358943594491809,1.0000000000000784
1.2953243893497952,0.08855622301943852,1.0872335408654737e-05,3.2544673408841787,3,0.003263642941153156,0.1837198511007559,0.00667433829719384,0.05205149020422548,0.0004957641261500415,0.001749010350884285,0.28345408356181956,1.590247795782514,1.0000000000505094
1.2199415902758284,0.16252929058479296,9.911494393177172e-06,6.609665439167212,2,0.0007547303606970648,0.14186223101735407,0.0011811438357059434,0.03540421025748196,0.0005662152867217957,0.0016625935905674736,0.3405614516585115,1.6253624947711667,1.0000000000116058
1.3481074595644835,0.09383867268951679,3.589666670292353e-06,2.698296137524374,3,0.0008098660637132685,0.05852364256492877,0.0034154916070245848,0.07190129226033948,0.0011732816301966145,0.00465522538566745,0.25203540816926384,1.506503402851742,1.0000000000004743
1.3514026541173583,0.22021697319712197,1.5376013760744936e-06,2.311821493688559,3,0.0009601435103331734,0.07048034700672563,0.0025365743458626187,0.05256847148578445,0.000974014810657385,0.0014313296586613703,0.6804964913312268,1.5124293859492814,1.0000000000000617
1.319301694596523,0.12109243244062497,3.9684319075512954e-05,65.3850871381281,3,0.0009042634605332486,0.2732063879266607,0.014374826331083765,0.4833877477630148,0.003851754703035527,0.006904251240698641,0.5578815962447172,1.6913431426469034,1.0000000005793712
1.1780737682836155,0.1330041008950829,1.6229596201620294e-06,0.8161536718497854,3,0.000691912480356678,0.10293331444714116,0.005108141025298764,0.06034474995483668,0.0018049752294252712,0.00022321840568398756,8.086139778189223,1.4608873396184652,1.000000000000318
1.335348245456617,0.12656811038230473,8.183565450656924e-06,8.557571496263964,2,0.0009794638958938553,0.20251961152720857,0.0016217827711635746,0.052646009934723334,0.002010118608083333,0.0010008618572716365,2.0083876645703578,1.5994589079442965,1.0000000000874987
1.3230251809798583,0.13747415547992717,2.1766802725279352e-05,16.192522575603277,2,0.0015238042967478502,0.3003374672304797,0.0010548272115730188,0.04892182672712487,0.0015524282026462694,0.0013156392343689296,1.179980166364467,1.6462113911888967,1.0000000000631413
1.3961640498406622,0.13738147807305912,1.579277667659889e-06,1.0908762114477242,3,0.0007031437993751009,0.0786504841014751,0.008204130477194576,0.06805639149267437,0.0013358576841475732,0.0008947198011460917,1.4930458479139566,1.4634098785184142,1.000000000000179
1.359914517802157,0.18240179344011817,2.6350040603960685e-06,3.510491353746636,3,0.001512809369291744,0.08649984688554718,0.002377220632402464,0.05504541464536946,3.981272066350735e-05,0.002838290360857008,0.014027007670732493,1.5388053300442315,1.0000000000005032
1.2766754986209976,0.1825988430092146,3.618305385994824e-05,62.94723154737719,3,0.001088998786460415,0.32172602654661964,0.10060026733850454,0.38617511687308476,3.53274373700585e-05,0.002878259428366738,0.012273889219952969,1.6954284095856775,1.0000000005415308
1.4476290991772776,0.2710017457380425,5.336519307989968e-06,95.7777298083178,2,0.000333656008204342,0.14805484931792784,0.0004279203683516084,0.18290196812821058,0.019393056902889796,0.026648473761683153,0.7277361201366193,1.6580967096458452,1.000000000597013
1.1965683537385428,0.1110152873610582,3.087124846840827e-05,20.576488751820037,2,0.001447352391911508,0.35630003520088144,0.0005459102992107645,0.047107968542575755,0.0020702254314268927,0.0008129417907465602,2.54658507532958,1.6708596397593927,1.000000004559666
1.2187597432382122,0.11202344703155741,4.9662045171361924e-05,93.93809426954525,3,0.0009678311319362342,0.31470416464715445,0.01160717283818219,0.5070094028624345,0.0004324765763358152,0.003511652413352537,0.12315472188858648,1.7061820910422825,1.0000000015360233
1.4874234722647253,0.09288274857562012,4.023148144453514e-05,45.80714846766644,2,0.0009608633011930814,0.2324228899715612,0.00338372019156142,0.44273674720485445,0.014319484981340485,0.017127891479531917,0.8360331450285332,1.6680494286926166,1.0000000001271074
1.4242267942327747,0.10534888325291995,3.05893322402848e-05,81.54816320510062,2,0.0006020449375301159,0.20876729479159203,0.0009283459127124232,0.28429290897206105,0.02284417996893501,0.02704509048353348,0.844670125353945,1.6836315991612099,1.0000000097142263
1.2353803679106747,0.196540394474822,1.0981783967477206e-06,0.5180871766489739,5,0.997691228345325,0.926900486103915,0.9342361165517986,0.7478852499193576,0.001899148827143179,8.232203007225696e-05,23.06975211223811,1.4318834022813922,1.0000000000000047
1.3294721172077941,0.08363245926247255,2.8632141368063864e-06,2.1449857636207352,3,0.0006020320174741609,0.0455838985668323,0.010645479819920195,0.08666399322282754,0.0009100156978723724,0.004425298549541075,0.20563939080827562,1.4864255954073893,1.0000000000003881
1.3425790964141293,0.27205851450687046,8.378024518676979e-06,56.94425553574358,2,0.0005329469952836576,0.2024084040607491,0.0022664216929291804,0.2497556563991444,0.0006172730983449596,0.004058233087429233,0.15210390459262244,1.6664196225384975,1.0000000005412646
1.2596048102066022,0.2515717846591081,1.3061846122428928e-06,2.2754966192749135,3,0.001139011939110821,0.07414011764453508,0.004228474968939728,0.05629569104393103,0.0013934895425675798,0.0008403388783557409,1.6582471410750002,1.5129994407258818,1.0000000000002753
1.2657297236068632,0.11671442440032274,1.4421679351209305e-05,5.72680240963711,2,0.0011027893104534297,0.16372782021473375,0.0020997848663833257,0.03466798206573433,0.00019168985605968894,0.002015700114218951,0.09509840015758765,1.632907335570616,1.000000000064952
1.188258065599162,0.08819518097404519,1.538268434963185e-05,4.254671573127907,2,0.0009776670550115472,0.1638168117964566,0.001336699965551224,0.03232004088435911,0.0007743235456382485,0.0013677767997441383,0.5661183504378028,1.6207942521776215,1.0000000000378728
1.4538195394680185,0.1175478781441854,9.402509317751303e-06,10.22354391577534,3,0.002517633147984595,0.22164501412344764,0.008969044297570835,0.10937451986971208,0.0006070458236503967,0.0025387655133101562,0.23911063092191728,1.5857770366259976,1.0000000000255436
1.1757337263181504,0.05242709395815626,5.125471286404541e-06,1.004853738415982,3,0.0007600048472663362,0.1055440919556423,0.002986324734428231,0.05000187295686818,0.0014749526193304366,0.0006683023193268769,2.207014066352529,1.4842270602303504,1.0000000000132707
1.3087594437089536,0.10741659387395144,1.7785098408658413e-05,37.82954465255231,2,0.0005807998345133028,0.2060983026191969,0.0026446633178549904,0.2833901042123389,0.0011734679888286328,0.004623125835008858,0.25382566486563835,1.65333720264638,1.0000000002117069
1.285669227017077,0.12092020760197864,8.583200887250281e-06,10.649805619141404,2,0.0008010240051305824,0.19880513434107347,0.0015607860951873571,0.06029017551762381,0.0020989967387404886,0.0009322194619053234,2.2516122270719805,1.6037515788728978,1.0000000002212504
1.4720430071592048,0.30407670698592043,1.464183387730712e-05,135.1825729005558,2,0.0006071156263526426,0.2169026350063812,0.0009285610983565892,0.289020299601969,0.019937882558675006,0.024058498500807213,0.8287251408480895,1.7002314114515613,1.0000000023094866
1.3795753473981656,0.20236045443614847,1.3909227292636655e-05,44.060556096837075,2,0.0007476057902430293,0.22439315956173717,0.007878776507923211,0.22866100195901382,0.0016911026432237268,0.004939666291152443,0.34235159695963713,1.6671960984105052,1.0000000000704337
1.3083571781311514,0.2998778232427912,1.416719146598921e-06,3.8570035573886363,3,0.001200801265909891,0.07374482878319491,0.0018243097819062657,0.053814111052582936,0.0006151521126613979,0.002012382739539536,0.30568345701581306,1.5274642622857328,1.0000000000023537
1.4108185458934717,0.11184459556711353,7.786669994608575e-06,4.64771373700251,3,0.002984460876916992,0.13837375380605615,0.005800344795157484,0.06539900635025915,0.0016522966783855241,0.0046422829663126915,0.35592330118082466,1.580958042484126,1.0000000000014138
1.2554550132290723,0.4386137027189995,2.602541272604341e-06,7.0439008870439705,2,0.0005090997910891457,0.10358463820651541,0.0012173259517249007,0.03472968736403841,0.0010620696840511106,0.0011636241390425538,0.9127257233809161,1.6081984125085902,1.0000000000015363
1.3813596985623218,0.2699583436798673,1.4380191380146187e-06,7.825704658881058,3,0.0019151089661369324,0.14544339432792144,0.0035620696544108902,0.08002881671033114,0.0022632564528621323,0.0008810070506369947,2.5689424973679036,1.5269515898402382,1.0000000000038731
1.4041095652201987,0.06777379623377826,1.0618623542796172e-06,1.3556599789398198,3,0.00039942781488920976,0.04991026390852882,0.015455738109208356,0.14031018990446076,0.0023967193950138396,0.0008120441692197938,2.9514643240608334,1.3850916107421511,1.0000000000013456
1.4065684060385493,0.3968358841969292,1.0963399738298645e-06,34.64684263441818,3,0.0013547757625972361,0.15956515213901168,0.0014708980310512367,0.19641614930475879,0.0011379389430543896,0.005720372335599025,0.1989274257503777,1.5680381142799273,1.0000000000092715
1.168016292542977,0.08931141035881342,6.1102364949689566e-06,2.0431033537412695,3,0.0018721205853164484,0.14562185740684183,0.0013299281267930244,0.03801731470329551,0.001405312734864229,0.0007215683001425441,1.9475810322967526,1.5537164546929494,1.0000000000210731
1.4958211829674528,0.5927395574296102,2.04397761249448e-06,17.975456799461426,2,0.0007134690974780832,0.1575658067112882,0.002376184748038748,0.059523992553288704,0.001635801948094027,0.0014870706992092088,1.1000162594582155,1.6083908244965175,1.000000000003716
1.3817556970278075,0.15894360121161127,9.475130532451765e-06,14.197143544892466,2,0.0009457994805825093,0.2058784863392193,0.0024304977060281632,0.06707300612927573,0.0012385046362709696,0.001813981869202552,0.6827546941334265,1.6207186547351577,1.000000000015592
1.2763226893163173,0.20157541562434633,4.466542528644051e-06,7.624167223151317,2,0.0003467809104587968,0.07721946442446119,0.002211911755904748,0.05303668741804151,0.001173924820389863,0.004285067007985268,0.27395716757806626,1.5895859589488817,1.0000000000431926
1.48473338424858,0.09679889548953267,1.808947705152391e-06,1.0601234446811372,3,0.0007840437865084699,0.0667862757543286,0.01657691145642338,0.09333992908685654,0.0006416133309344015,0.001953645525386605,0.328418498953352,1.44753002733663,1.0000000000005733
1.273963668451393,0.10289540292851009,1.680217783990071e-06,0.7821814579213893,3,0.0008168562515303564,0.09451315125358921,0.015976154382249405,0.09445592153699531,0.0016035768195872533,0.0005161979902104549,3.1065150388002714,1.441685976158008,1.0000000000005564
1.2178290138106849,0.34505629501361806,3.88645450756274e-05,77.6214779288845,3,0.0015979391480603492,0.41213980727112626,0.01725144695788687,0.276835232855949,0.0016582267141877988,0.0011394130384728186,1.455334157322228,1.7096032900218292,1.0000000006774108
1.3169595637566887,0.20943620428091642,2.5213433387248774e-06,3.8741899868477643,3,0.0012135009032213629,0.08298013595974323,0.0021007720511234448,0.055097736825015065,0.00033680907430437513,0.0023182788161700326,0.14528410989874313,1.539660073534145,1.0000000000008775
1.237245427639006,0.3603252257343556,1.5616198202196216e-06,1.61529356905948,3,0.0019075604250294836,0.16951510626946187,0.0022621649814138834,0.028550655950755434,0.0018363339206804135,0.00015385688205731587,11.935338193037925,1.5559712446190601,1.0000000000004512
1.261715350410934,0.3041674190289612,2.5313347196523916e-06,11.337285657611988,2,0.0005704660774267711,0.1686291434976816,0.0008838441896639052,0.053638787533943764,0.002675863833617814,0.00031883376736102187,8.392661341255865,1.5847922276334225,1.0000000000126104
1.4155134019964146,0.05428438608280417,1.173764647391397e-05,11.66291247666499,3,0.0016725435030771419,0.16672959262741932,0.004698093292009521,0.3124708168600683,0.0031010380151800174,0.007239035166263879,0.42837725524967807,1.5582195496817373,1.0000000000447902
1.3604682207046186,0.05371959357024303,1.7117491625220271e-06,0.545198148791008,5,0.9959878990893296,0.8432610694906783,0.9550288224137036,0.6906196951049156,0.001124146165859305,0.0013125562755983225,0.8564555949015354,1.3750434694823592,1.0000000000006029
1.1677857933906965,0.058974044923938033,2.191104651647051e-06,0.3624693668819649,5,0.9989914719774452,0.9576175641845339,0.9785833101943289,0.8079449627597387,0.0018364388725531553,0.000175510829511989,10.463393499189802,1.3753142478397666,1.0000000000005271
1.475488134759101,0.050072832614141964,3.0757660723955373e-06,1.0628766782865413,3,0.0008975231589566235,0.060342698726445494,0.02721381620278621,0.11913012669543448,0.000913079510544717,0.004347308686100165,0.2100332818472599,1.4405093413989118,1.0000000000002784
1.349807527242499,0.23019497125911362,1.1447808313746635e-06,3.9443724619856595,3,0.0007930705564492715,0.0413366463686259,0.006311974239945885,0.08733728449384869,0.0017480567237134108,0.006050244896048696,0.28892330041963005,1.4900944309552868,1.00000000000138
1.3685337560527386,0.09025366639716553,2.9833304853886246e-05,19.88919692720719,2,0.0012212477807053285,0.2589993902749095,0.004986889435837145,0.10294093353305148,0.0006671813148623768,0.0035692862257434067,0.18692289512966057,1.6495065192705511,1.0000000002517282
1.2384234820818407,0.4155460247684748,1.4151992876679033e-05,31.935641336318067,2,0.000770069158984508,0.19772927566183357,0.0016547120774416829,0.0371739009041226,0.0015654931674841106,0.003862136216212371,0.40534385113412774,1.6950520770297581,1.0000000003076461
1.2846903173922937,0.5236140824644074,2.8244142364797522e-06,11.162327295903795,2,0.0004665521263484461,0.10438196883558575,0.001254004098224232,0.0371713199595047,0.00029627413124787933,0.002148910983785091,0.13787175619811956,1.6225450106531836,1.0000000000059694
1.4104844557860163,0.09331043519294936,7.383576629255122e-06,3.25988529055511,3,0.002278381341709125,0.1242023980224202,0.0035749914376974404,0.051704628135642465,0.000691813602216429,0.003387554494622748,0.2042221323124345,1.5695994781889828,1.0000000000221847
1.4670816445740087,0.5686010025680533,3.9725851105871717e-05,567.2048839019317,3,0.0007106686062563278,0.2648325485610505,0.0010102886687204113,0.3346608448462719,0.03912387603430844,0.039568661739810336,0.9887591420597782,1.7296047976795488,1.0000000070615074
1.2067407886033767,0.3338294281144887,2.6095162647544443e-05,21.288120565979142,2,0.0016564772103872278,0.27489957587166386,0.002055293389779858,0.023128380702994465,0.0005083975812332359,0.0014223223821821028,0.3574418764705516,1.7042487756259626,1.0000000000277176
1.193809037411572,0.3389862846019271,6.063245293714968e-06,4.628540600321414,2,0.0016265932424239943,0.2262130480941546,0.0017749966018084065,0.0179900907076223,0.0016822774673738061,0.00029603720495408536,5.6826555555229055,1.6492739303536514,1.0000000000066176
1.3628256835138062,0.29422408063968203,2.0864114693360917e-05,288.88576969212323,3,0.0004989763612286187,0.21876830884787796,0.0006415162817282407,0.2669470453684887,0.01919095702954885,0.02441270990248099,0.7861051520379773,1.7156687415029002,1.000000000708092
1.4635014884050284,0.12546626942043898,4.665715292262074e-06,5.20639878663851,3,0.002218423082067401,0.1767407495041819,0.0033797295035024547,0.0697405712639124,0.001756627649896137,0.0013544781802795444,1.2969036160727188,1.548711671576722,1.0000000000037943
1.4234136256986651,0.0710996273075835,1.2564701991057476e-06,2.715320232782215,3,0.000592882650828293,0.041376707744367906,0.03578860218558919,0.21090963044167804,0.0015075977085726089,0.0021833691626990392,0.6904914360469144,1.4007676790975203,1.0000000000024583
1.2772752202624043,0.23481546738673073,2.1506145663369303e-05,63.430634467784536,3,0.000871719663444805,0.28889552703012955,0.16660693335434118,0.45031789615163254,0.0006213884024063821,0.002363012686492927,0.26296448002935513,1.6923451302188044,1.0000000023911677
1.4984721528653677,0.3149291283514733,2.4056672494257307e-05,710.2381840079405,3,0.0004201058231922694,0.18828872679088082,0.00045017699103151314,0.22065154154158334,0.1685092235253775,0.12920023695647176,1.3042485640498411,1.7274995005270406,1.0000000443393433
1.1742636820620775,0.10677617274362484,1.6972465658570051e-06,0.6352037064753803,4,0.0022538267491723483,0.133150048184491,0.18713567577522353,0.4929793846070523,0.0018206701711041364,0.00019983134958046652,9.11103375384553,1.4391858160109279,1.0000000000000593
1.3611932042021815,0.3174996391151775,3.52583008071656e-05,102.04196831616369,2,0.0012348084419895329,0.32118949630737936,0.018588711605494666,0.15619078321352733,0.0023549127926789787,0.005019429178237785,0.4691594818966523,1.7160898157077922,1.0000000003876777
1.3815120431289598,0.29278809671089756,2.6827264988939327e-06,11.487432466643298,3,0.0025528815206702425,0.21245107528671814,0.004895633046468388,0.07437663878818679,0.0021010572451966424,0.0009925996754862408,2.116721672478289,1.5806572234689833,1.0000000000229265
1.1523309457673752,0.19658515896628018,1.0016651129359564e-05,9.239014812457883,2,0.0005590717685730631,0.1492369733560327,0.0006535480807514173,0.033747165384902696,0.0008144870921064245,0.0013685228249859546,0.5951578426284441,1.6396529243929319,1.000000000010277
1.2432250040797195,0.10784236354493038,3.7575816607966906e-06,1.9174549849919003,3,0.0008947817345597437,0.09175059671522177,0.0014056649507567661,0.045509147995159406,0.0012049230041671307,0.0010406582900483153,1.157846927939419,1.5200925849755895,1.000000000000432
1.4545011216319865,0.06454530111036065,1.581268090781133e-05,10.23172396875426,3,0.002701699196072526,0.22049240636696762,0.0194408805978079,0.1641063560873613,0.001521574286997474,0.004895943716913549,0.3107826345595103,1.5847067337723102,1.000000000054423
