cell_id,W,phi,rho_level,ppf_flow,ppf_boxw,ess_frac,frac_in_box
0,6,2.0,0.05000000000000001,0.3485,0.3485,1.0,1.0
1,10,2.0,0.05000000000000001,0.2,0.2,1.0,1.0
2,6,10.0,0.05000000000000001,0.248,0.248,1.0,1.0
3,10,10.0,0.05000000000000001,0.166,0.166,1.0,1.0
4,6,50.0,0.05000000000000001,0.1745,0.1745,1.0,1.0
5,10,50.0,0.05000000000000001,0.086,0.086,1.0,1.0
6,6,2.0,0.05000000000000001,0.2105,0.2105,1.0,1.0
7,10,2.0,0.05000000000000001,0.081,0.081,1.0,1.0
8,6,10.0,0.05000000000000001,0.123,0.123,1.0,1.0
9,10,10.0,0.05000000000000001,0.0055,0.0055,1.0,1.0
10,6,50.0,0.05000000000000001,0.082,0.082,1.0,1.0
11,10,50.0,0.05000000000000001,0.012,0.012,1.0,1.0
12,6,2.0,0.05000000000000001,0.1915,0.1915,1.0,1.0
13,10,2.0,0.05000000000000001,0.243,0.243,1.0,1.0
14,6,10.0,0.05000000000000001,0.49,0.49,1.0,1.0
15,10,10.0,0.05000000000000001,0.339,0.339,1.0,1.0
16,6,50.0,0.05000000000000001,0.481,0.481,1.0,1.0
17,10,50.0,0.05000000000000001,0.465,0.465,1.0,1.0
18,6,2.0,0.05000000000000001,0.193,0.193,1.0,1.0
19,10,2.0,0.05000000000000001,0.081,0.081,1.0,1.0
20,6,10.0,0.05000000000000001,0.114,0.114,1.0,1.0
21,10,10.0,0.05000000000000001,0.021,0.021,1.0,1.0
22,6,50.0,0.05000000000000001,0.085,0.085,1.0,1.0
23,10,50.0,0.05000000000000001,0.0705,0.0705,1.0,1.0
24,6,2.0,0.05000000000000001,0.213,0.213,1.0,1.0
25,10,2.0,0.05000000000000001,0.002,0.002,1.0,1.0
26,6,10.0,0.05000000000000001,0.213,0.213,1.0,1.0
27,10,10.0,0.05000000000000001,0.1535,0.1535,1.0,1.0
28,6,50.0,0.05000000000000001,0.2965,0.2965,1.0,1.0
29,10,50.0,0.05000000000000001,0.01,0.01,1.0,1.0
30,6,2.0,0.05000000000000001,0.1095,0.1095,1.0,1.0
31,10,2.0,0.05000000000000001,0.0185,0.0185,1.0,1.0
32,6,10.0,0.05000000000000001,0.098,0.098,1.0,1.0
33,10,10.0,0.05000000000000001,0.0295,0.0295,1.0,1.0
34,6,50.0,0.05000000000000001,0.1945,0.1945,1.0,1.0
35,10,50.0,0.05000000000000001,0.0235,0.0235,1.0,1.0
36,6,2.0,0.05000000000000001,0.4565,0.4565,1.0,1.0
37,10,2.0,0.05000000000000001,0.266,0.266,1.0,1.0
38,6,10.0,0.05000000000000001,0.3575,0.3575,1.0,1.0
39,10,10.0,0.05000000000000001,0.319,0.319,1.0,1.0
40,6,50.0,0.05000000000000001,0.373,0.373,1.0,1.0
41,10,50.0,0.05000000000000001,0.2965,0.2965,1.0,1.0
42,6,2.0,0.05000000000000001,0.429,0.429,1.0,1.0
43,10,2.0,0.05000000000000001,0.2235,0.2235,1.0,1.0
44,6,10.0,0.05000000000000001,0.347,0.347,1.0,1.0
45,10,10.0,0.05000000000000001,0.179,0.179,1.0,1.0
46,6,50.0,0.05000000000000001,0.5495,0.5495,1.0,1.0
47,10,50.0,0.05000000000000001,0.1325,0.1325,1.0,1.0
48,6,2.0,0.1144714242553332,0.4515,0.4515,1.0,1.0
49,10,2.0,0.1144714242553332,0.1425,0.1425,1.0,1.0
50,6,10.0,0.1144714242553332,0.3485,0.3485,1.0,1.0
51,10,10.0,0.1144714242553332,0.272,0.272,1.0,1.0
52,6,50.0,0.1144714242553332,0.526,0.526,1.0,1.0
53,10,50.0,0.1144714242553332,0.208,0.208,1.0,1.0
54,6,2.0,0.1144714242553332,0.281,0.281,1.0,1.0
55,10,2.0,0.1144714242553332,0.406,0.406,1.0,1.0
56,6,10.0,0.1144714242553332,0.463,0.463,1.0,1.0
57,10,10.0,0.1144714242553332,0.4935,0.4935,1.0,1.0
58,6,50.0,0.1144714242553332,0.4985,0.4985,1.0,1.0
59,10,50.0,0.1144714242553332,0.2725,0.2725,1.0,1.0
60,6,2.0,0.1144714242553332,0.292,0.292,1.0,1.0
61,10,2.0,0.1144714242553332,0.285,0.285,1.0,1.0
62,6,10.0,0.1144714242553332,0.458,0.458,1.0,1.0
63,10,10.0,0.1144714242553332,0.154,0.154,1.0,1.0
64,6,50.0,0.1144714242553332,0.328,0.328,1.0,1.0
65,10,50.0,0.1144714242553332,0.137,0.137,1.0,1.0
66,6,2.0,0.1144714242553332,0.42,0.42,1.0,1.0
67,10,2.0,0.1144714242553332,0.1585,0.1585,1.0,1.0
68,6,10.0,0.1144714242553332,0.437,0.437,1.0,1.0
69,10,10.0,0.1144714242553332,0.3295,0.3295,1.0,1.0
70,6,50.0,0.1144714242553332,0.4265,0.4265,1.0,1.0
71,10,50.0,0.1144714242553332,0.0985,0.0985,1.0,1.0
72,6,2.0,0.1144714242553332,0.346,0.346,1.0,1.0
73,10,2.0,0.1144714242553332,0.145,0.145,1.0,1.0
74,6,10.0,0.1144714242553332,0.348,0.348,1.0,1.0
75,10,10.0,0.1144714242553332,0.4895,0.4895,1.0,1.0
76,6,50.0,0.1144714242553332,0.383,0.383,1.0,1.0
77,10,50.0,0.1144714242553332,0.303,0.303,1.0,1.0
78,6,2.0,0.1144714242553332,0.084,0.084,1.0,1.0
79,10,2.0,0.1144714242553332,0.0165,0.0165,1.0,1.0
80,6,10.0,0.1144714242553332,0.183,0.183,1.0,1.0
81,10,10.0,0.1144714242553332,0.06,0.06,1.0,1.0
82,6,50.0,0.1144714242553332,0.2475,0.2475,1.0,1.0
83,10,50.0,0.1144714242553332,0.0315,0.0315,1.0,1.0
84,6,2.0,0.1144714242553332,0.344,0.344,1.0,1.0
85,10,2.0,0.1144714242553332,0.1225,0.1225,1.0,1.0
86,6,10.0,0.1144714242553332,0.4965,0.4965,1.0,1.0
87,10,10.0,0.1144714242553332,0.511,0.511,1.0,1.0
88,6,50.0,0.1144714242553332,0.4855,0.4855,1.0,1.0
89,10,50.0,0.1144714242553332,0.2845,0.2845,1.0,1.0
90,6,2.0,0.1144714242553332,0.559,0.559,1.0,1.0
91,10,2.0,0.1144714242553332,0.462,0.462,1.0,1.0
92,6,10.0,0.1144714242553332,0.5055,0.5055,1.0,1.0
93,10,10.0,0.1144714242553332,0.298,0.298,1.0,1.0
94,6,50.0,0.1144714242553332,0.4925,0.4925,1.0,1.0
95,10,50.0,0.1144714242553332,0.411,0.411,1.0,1.0
96,6,2.0,0.26207413942088964,0.411,0.411,1.0,1.0
97,10,2.0,0.26207413942088964,0.068,0.068,1.0,1.0
98,6,10.0,0.26207413942088964,0.517,0.517,1.0,1.0
99,10,10.0,0.26207413942088964,0.206,0.206,1.0,1.0
100,6,50.0,0.26207413942088964,0.303,0.303,1.0,1.0
101,10,50.0,0.26207413942088964,0.103,0.103,1.0,1.0
102,6,2.0,0.26207413942088964,0.2625,0.2625,1.0,1.0
103,10,2.0,0.26207413942088964,0.2745,0.2745,1.0,1.0
104,6,10.0,0.26207413942088964,0.4105,0.4105,1.0,1.0
105,10,10.0,0.26207413942088964,0.342,0.342,1.0,1.0
106,6,50.0,0.26207413942088964,0.342,0.342,1.0,1.0
107,10,50.0,0.26207413942088964,0.3225,0.3225,1.0,1.0
108,6,2.0,0.26207413942088964,0.1985,0.1985,1.0,1.0
109,10,2.0,0.26207413942088964,0.2695,0.2695,1.0,1.0
110,6,10.0,0.26207413942088964,0.36,0.36,1.0,1.0
111,10,10.0,0.26207413942088964,0.397,0.397,1.0,1.0
112,6,50.0,0.26207413942088964,0.415,0.415,1.0,1.0
113,10,50.0,0.26207413942088964,0.545,0.545,1.0,1.0
114,6,2.0,0.26207413942088964,0.4535,0.4535,1.0,1.0
115,10,2.0,0.26207413942088964,0.2665,0.2665,1.0,1.0
116,6,10.0,0.26207413942088964,0.407,0.407,1.0,1.0
117,10,10.0,0.26207413942088964,0.275,0.275,1.0,1.0
118,6,50.0,0.26207413942088964,0.2665,0.2665,1.0,1.0
119,10,50.0,0.26207413942088964,0.112,0.112,1.0,1.0
120,6,2.0,0.26207413942088964,0.466,0.466,1.0,1.0
121,10,2.0,0.26207413942088964,0.298,0.298,1.0,1.0
122,6,10.0,0.26207413942088964,0.271,0.271,1.0,1.0
123,10,10.0,0.26207413942088964,0.2725,0.2725,1.0,1.0
124,6,50.0,0.26207413942088964,0.3015,0.3015,1.0,1.0
125,10,50.0,0.26207413942088964,0.3345,0.3345,1.0,1.0
126,6,2.0,0.26207413942088964,0.095,0.095,1.0,1.0
127,10,2.0,0.26207413942088964,0.226,0.226,1.0,1.0
128,6,10.0,0.26207413942088964,0.4885,0.4885,1.0,1.0
129,10,10.0,0.26207413942088964,0.2115,0.2115,1.0,1.0
130,6,50.0,0.26207413942088964,0.541,0.541,1.0,1.0
131,10,50.0,0.26207413942088964,0.1985,0.1985,1.0,1.0
132,6,2.0,0.26207413942088964,0.3495,0.3495,1.0,1.0
133,10,2.0,0.26207413942088964,0.2095,0.2095,1.0,1.0
134,6,10.0,0.26207413942088964,0.4475,0.4475,1.0,1.0
135,10,10.0,0.26207413942088964,0.178,0.178,1.0,1.0
136,6,50.0,0.26207413942088964,0.3455,0.3455,1.0,1.0
137,10,50.0,0.26207413942088964,0.194,0.194,1.0,1.0
138,6,2.0,0.26207413942088964,0.168,0.168,1.0,1.0
139,10,2.0,0.26207413942088964,0.248,0.248,1.0,1.0
140,6,10.0,0.26207413942088964,0.2385,0.2385,1.0,1.0
141,10,10.0,0.26207413942088964,0.076,0.076,1.0,1.0
142,6,50.0,0.26207413942088964,0.1155,0.1155,1.0,1.0
143,10,50.0,0.26207413942088964,0.0195,0.0195,1.0,1.0
144,6,2.0,0.6,0.1385,0.1385,1.0,1.0
145,10,2.0,0.6,0.0625,0.0625,1.0,1.0
146,6,10.0,0.6,0.3575,0.3575,1.0,1.0
147,10,10.0,0.6,0.2315,0.2315,1.0,1.0
148,6,50.0,0.6,0.356,0.356,1.0,1.0
149,10,50.0,0.6,0.2165,0.2165,1.0,1.0
150,6,2.0,0.6,0.505,0.505,1.0,1.0
151,10,2.0,0.6,0.2395,0.2395,1.0,1.0
152,6,10.0,0.6,0.1265,0.1265,1.0,1.0
153,10,10.0,0.6,0.524,0.524,1.0,1.0
154,6,50.0,0.6,0.0975,0.0975,1.0,1.0
155,10,50.0,0.6,0.294,0.294,1.0,1.0
156,6,2.0,0.6,0.295,0.295,1.0,1.0
157,10,2.0,0.6,0.1215,0.1215,1.0,1.0
158,6,10.0,0.6,0.3595,0.3595,1.0,1.0
159,10,10.0,0.6,0.173,0.173,1.0,1.0
160,6,50.0,0.6,0.339,0.339,1.0,1.0
161,10,50.0,0.6,0.117,0.117,1.0,1.0
162,6,2.0,0.6,0.0865,0.0865,1.0,1.0
163,10,2.0,0.6,0.1725,0.1725,1.0,1.0
164,6,10.0,0.6,0.425,0.425,1.0,1.0
165,10,10.0,0.6,0.2565,0.2565,1.0,1.0
166,6,50.0,0.6,0.309,0.309,1.0,1.0
167,10,50.0,0.6,0.214,0.214,1.0,1.0
168,6,2.0,0.6,0.494,0.494,1.0,1.0
169,10,2.0,0.6,0.461,0.461,1.0,1.0
170,6,10.0,0.6,0.3675,0.3675,1.0,1.0
171,10,10.0,0.6,0.216,0.216,1.0,1.0
172,6,50.0,0.6,0.3705,0.3705,1.0,1.0
173,10,50.0,0.6,0.154,0.154,1.0,1.0
174,6,2.0,0.6,0.4805,0.4805,1.0,1.0
175,10,2.0,0.6,0.0915,0.0915,1.0,1.0
176,6,10.0,0.6,0.3815,0.3815,1.0,1.0
177,10,10.0,0.6,0.208,0.208,1.0,1.0
178,6,50.0,0.6,0.2325,0.2325,1.0,1.0
179,10,50.0,0.6,0.2615,0.2615,1.0,1.0
180,6,2.0,0.6,0.064,0.064,1.0,1.0
181,10,2.0,0.6,0.022,0.022,1.0,1.0
182,6,10.0,0.6,0.191,0.191,1.0,1.0
183,10,10.0,0.6,0.005,0.005,1.0,1.0
184,6,50.0,0.6,0.102,0.102,1.0,1.0
185,10,50.0,0.6,0.007,0.007,1.0,1.0
186,6,2.0,0.6,0.433,0.433,1.0,1.0
187,10,2.0,0.6,0.1795,0.1795,1.0,1.0
188,6,10.0,0.6,0.4445,0.4445,1.0,1.0
189,10,10.0,0.6,0.0965,0.0965,1.0,1.0
190,6,50.0,0.6,0.494,0.494,1.0,1.0
191,10,50.0,0.6,0.282,0.282,1.0,1.0
