R0,sigma,gamma,omega,rho,i0,peak_count,ridge_max_abs_dLL,lam_rel_min,cos_vmin_ridge,n_sloppy,drs,drs_control,a_hi,a_lo
1.1899644732545789,3.7382739627551054,1.7352428422651232,0.005307362609906909,0.07221194797830306,3.775745258622282e-05,12.196353157743383,0.11712726525700745,2.1136171685956204e-17,0.02455407355890331,4,0.006831901849613327,0.048232201790924294,1,2
1.1717201846983623,2.3530754593258822,2.3843929711810734,0.018221614318912272,0.1250778661184687,7.393265586953055e-06,3.6768266114081554,0.006330538963974064,7.421732298018593e-18,0.06648932131324709,4,0.007348713600890633,0.03350348248723315,1,2
1.3714676080859052,2.8236881070311863,1.1347573805606586,0.02574190430447431,0.2644908027865287,7.422021043494432e-06,9.59105933162588,0.0029737146100785594,4.492285946676077e-18,0.0679313674742765,4,0.006133694493613186,0.11437276807577892,1,2
1.4287092281357057,3.9789117183976868,2.4566584587701747,0.0076499826662818045,0.19794540617803574,6.6322952799558304e-06,71.3172198325679,0.0711315472458729,1.917669300030952e-18,0.015751176966121196,4,0.007140761855518001,0.009001833414915037,1,2
1.2631747435528955,4.196605019323815,1.2406114188062665,0.026511311684399286,0.4314993119574554,1.6548507045266029e-06,3.1184585831164915,0.0005886566416242189,4.0675489208613364e-19,0.07957593932781329,4,0.006588517191052888,0.0685007286522166,1,2
1.3019521240594114,2.8301905423298526,1.0791345040170828,0.03221724042017354,0.1455333644654972,1.7820631446932776e-06,0.8542257463409095,0.0009210732730151605,3.6256905580563404e-19,0.09888170014275809,4,0.0062353616378233185,0.08981934120806417,1,2
1.3753062758524324,2.576613479347439,2.2841019852328817,0.007853702052048816,0.054282968169375605,2.193312081758764e-06,1.8942510058296247,0.0009023100991569777,1.0750971763084351e-19,0.01652199712013293,4,0.007079049230408008,0.2145852158169737,1,2
1.2606509908901586,3.598719052238214,2.2939666864429555,0.021318165079481883,0.11618725673103177,1.068252412310958e-06,1.402988140053846,0.0016884150845486445,2.5444807509455388e-19,0.05399737555704546,4,0.007267530137374049,0.06510511396279693,1,2
1.1998872617729759,6.968814651177028,1.5238400408301722,0.02103978189032351,0.05727521801180499,1.142484725786344e-06,0.36287819584452585,0.0002629404433660554,2.6812197340724923e-19,0.06183140904892335,4,0.007547847085146333,0.0389981753354777,1,2
1.439819302760252,4.177127902364588,1.3269298316710645,0.009673634368736755,0.062412729460783564,1.964990580900448e-06,1.6055883919787375,0.0021911014920199534,8.5462402672759e-20,0.014653823673799644,4,0.006320768150102959,0.17185208075132802,1,2
1.1575370891900556,5.722305116147916,1.5330654573561207,0.006513968950799737,0.3138711271427766,2.149850644007803e-06,2.5553005927329604,0.001451752429627362,1.1003864497006573e-19,0.023278383083810597,4,0.007116040091874596,0.030502221361136617,1,2
1.1690767618506792,4.232490765669619,2.2722590797206026,0.005288132512555754,0.3697069928495832,2.1042297388516533e-06,4.912288879336087,0.000785153428541463,1.061405862472392e-19,0.01853817258778375,4,0.007134640021951543,0.02487628411710157,1,2
1.1787400858578192,2.0455145134404793,1.307936021448948,0.022678657371355278,0.17029405197702885,2.812454380413916e-05,9.260822411874853,0.01332885442802656,5.268461257155478e-17,0.09538556475090945,3,0.006749324452921251,0.06679802936431087,1,2
1.218323426886194,2.9683209447717487,1.26684818288169,0.0382352527778394,0.5181864186222851,3.7915395774879366e-06,5.671312396589089,0.0009392442022146952,3.14619385024505e-18,0.13351684031374145,4,0.006478304170926189,0.06367358458582816,1,2
1.2912476508210438,2.9651130849486855,1.9818271103090879,0.005433822360501631,0.059121961757305226,4.857890728554621e-06,2.5101331827921967,0.002326892132639813,2.9591679228013315e-19,0.014422945861064494,4,0.006996493708912084,0.09404313912110786,1,2
1.227382935190575,5.766202611955865,1.9733072995374,0.01555503830488199,0.2587152172916726,1.5002424052243431e-05,39.3670096241396,0.0009699780622298704,3.981463280475081e-17,0.3022692931761406,4,0.007638225937231036,0.08716571618767488,1,2
1.4152280462865117,6.392261303562282,1.1470586290614118,0.01838323251788384,0.07144363981101191,5.660648359045704e-06,4.3810496487954165,0.013933119365997726,2.3498391052637297e-18,0.03281007763202893,4,0.00657007798641523,0.18382597519842328,1,2
1.4171960401659298,6.134885683447981,2.0050594696705497,0.005382038484736384,0.12213518000826322,1.8924685342238838e-06,11.87532796521149,0.009753723375634848,3.5729004659089196e-19,0.03126548975289373,4,0.007215520256195258,0.025717490480097034,1,2
1.499522801681568,2.3954336698884933,1.2508997090465377,0.010509245806401927,0.05816715092924452,3.011326640630883e-05,15.473911779323867,0.04097052841590276,1.5014221003536678e-17,0.02226468452923768,4,0.006094922455143091,0.8663385169550794,1,2
1.3618515214743898,2.443114988820074,1.5786323349909386,0.005888651809336364,0.22820645917758894,2.4750779187021695e-06,4.083832424611397,0.0008995456218769959,5.1836462699593e-20,0.014884126235551852,4,0.0066297226086382485,0.11415330298204446,1,2
1.1618672731669,2.3106120768508966,1.6632640964746983,0.018802725939468898,0.11206984503906019,1.2393854034263675e-05,3.478702993284895,0.0014571165787558016,1.324214504872642e-17,0.07682285264194758,4,0.0069915832023397075,0.044684827621274195,1,2
1.2627691147729307,2.355685918964792,1.3348571200140837,0.011374512220603688,0.4829172503446281,1.5721844831395376e-06,2.5005912448982563,0.0008722005103756203,6.779727289751256e-20,0.03818510982760401,4,0.006600569311041574,0.0780705588161331,1,2
1.176631812661415,4.0413392186627455,2.417533687816757,0.032983977421465624,0.284878883877115,1.2983970387283e-06,2.6244145643064702,0.00024211956591457806,1.0856310365783109e-18,0.10345236318830607,4,0.007189963245719462,0.025952617511420317,1,2
1.4247913096938247,4.707955536725826,1.1409736128341195,0.01314788896661928,0.05651947108546765,2.303367380509181e-05,12.067142465068178,0.014425583876471748,2.0215539506593167e-17,0.02111243087555914,4,0.006264120381948046,0.7103461888542945,1,2
1.391949564541414,5.480276015853984,2.0072423278831586,0.008716209214547277,0.35583048848047644,2.6505344505543107e-06,35.004385509608,0.009423396432556075,2.6980560568601146e-19,0.0558033705310364,4,0.007222312462979238,0.06622877572850064,1,2
1.1929165696122184,3.2615852752538035,1.5780130641319654,0.009059268341296431,0.22527840058805237,1.0559315430540364e-05,8.610591418698542,0.024152013870143207,3.425140003264172e-18,0.03361578098359347,4,0.006665643906711584,0.047094518736244796,1,2
1.22566340604266,4.362636928710006,1.387283526167449,0.023038851445163832,0.10289247435276419,2.275757985190766e-05,10.201417572836773,0.013848261925556216,8.37362561883219e-17,0.0519901061089899,4,0.0067720428640701495,0.061930292792644046,1,2
1.2841000352103706,3.999726800574608,1.8533243897426286,0.014693031904781663,0.0948389412722884,4.612537800063287e-05,43.837487460149596,0.03861925361370666,2.3556102509066885e-16,0.06929307286056444,4,0.007118653369569007,0.8302457799792043,1,2
1.1797283122021534,3.004765503754895,1.6539171579940015,0.005307489130931954,0.07347664225017343,2.2799549861052584e-05,5.620291763234551,0.011979654942960494,5.7614676624314395e-18,0.020646547719393997,4,0.006697550861246707,0.044737677551935175,1,2
1.4162661052025367,4.442046061910747,2.2848735200803607,0.024058892122608887,0.10505400110628679,1.2462606563385294e-05,63.332588079080566,0.09177208799959402,5.0720288148744416e-17,0.07904487740742283,4,0.007222511287109856,0.00843474673772894,1,2
1.2587547053984738,5.116775821141994,1.42273760875023,0.006876422413229288,0.441393099045771,1.4892861332233333e-05,40.389712630229866,0.043957291651882,4.698387811729041e-18,0.012932125033267976,4,0.007003013810710299,0.07727055962781622,1,2
1.4016154171557331,4.031710489925221,2.0491030237060035,0.012689367756181414,0.20396856617131343,1.2773031689334664e-06,7.4723924522821585,0.004553052990404538,1.191748383002645e-19,0.023515454346803973,4,0.006941815191067529,0.8212657796675623,1,2
1.3327513063626628,5.549192404901479,1.9088191872346847,0.026563708754286833,0.17153425886729112,3.1431272222751554e-05,112.20189275090048,0.32609428433650933,0.0,0.7094292957651471,4,0.00748131362285903,0.024215283674974535,1,2
1.1835734579960522,5.9906048027073995,1.4052182511762676,0.006041118516303587,0.23299284420037608,5.927190575460238e-06,5.532311167161466,0.004700056132618258,6.122477501944163e-19,0.019130559046966738,4,0.007145541732130489,0.039702288657643706,1,2
1.2886329128866476,5.815563067573848,1.1345736628440817,0.018035062564827675,0.1397917060227202,7.897611738078805e-06,5.545875568268664,0.00371550737185089,4.868182513868274e-18,0.048817682147531315,4,0.006788014378756314,0.07743536095115557,1,2
1.3131864598754766,2.365948784515458,1.5986426878542073,0.030028168245117507,0.07651785560047826,1.0458882959367903e-06,0.443108085896508,9.575712943421522e-05,1.53395316447441e-19,0.08126804602715479,4,0.006725063165233532,0.08966094963769078,1,2
1.1708315883563578,3.557870566858761,2.4421563168485743,0.005481758577944365,0.5866276800890682,8.142131411198993e-06,29.121485446406655,0.009097737172854892,1.7100686980654745e-18,0.019402294018725508,4,0.007117588911007654,0.027149554727800947,1,2
1.1873021030342263,3.3786553687236607,1.2092521500337885,0.02207562684512592,0.19202661377193678,3.0848590192696415e-06,1.4686027397810775,0.0004294419605699318,8.97912007739977e-19,0.08405129260191349,4,0.006523643689421985,0.05617176317820031,1,2
1.230755914864514,5.925491882045792,2.017986969964284,0.012384667415725874,0.1369588568655436,1.7903764098678638e-05,27.317042926968675,0.002332636459332349,3.4527893875610236e-17,0.3837466246403812,4,0.007723144224248254,0.13518979456774574,1,2
1.4883813785729763,2.2097024799876994,1.1569264114917566,0.010621445351774375,0.1765575477124243,1.3222735757358118e-06,1.5609382619348746,0.0006120583046591577,1.7433388617667277e-20,0.023836271684911294,4,0.0060205416119684975,0.13963874568776696,1,2
1.166460910345201,2.632888051983135,1.4242582257587753,0.023259914011446083,0.22760305869590874,1.121029089388817e-06,0.6032822939765803,0.0003211380240220052,2.0255109857808222e-19,0.09424094908009273,4,0.006698699072247505,0.04915871106400215,1,2
1.1638366449232704,3.523424134058067,2.229143755128638,0.033519284479350944,0.123875361648415,3.2182481673378705e-05,20.10936623990894,0.0646311067731773,5.850978686753747e-16,0.12993260345265384,4,0.006975959897055843,0.0309087239725002,1,2
1.4720164749523708,3.328554612615814,1.981035966669708,0.010688260231404768,0.07323310291872176,9.489516219713021e-06,22.25842612632015,0.07335887225322679,4.151787385493328e-18,0.018975934046850967,4,0.0066957663422797615,0.015424137369849761,1,2
1.1767126070538834,4.591337848495767,2.0990027989878413,0.03354779229173021,0.15221945613956617,1.582826281950636e-06,1.5268767602054703,0.002283553554133455,1.4480176449949964e-18,0.11352830355069288,4,0.007197275631207522,0.02784628447779973,1,2
1.4616366407101962,5.950732883162047,2.4268940591504484,0.01719437347151189,0.26649832944888696,4.307156343121351e-06,152.65124822910283,0.03387577586234514,4.399831196226669e-18,0.20280314050249956,4,0.007396308395316387,0.006472186199767097,1,2
1.2073426063872563,2.8823240942746207,1.9354326783274745,0.009827871523026407,0.2788156602594852,7.131049215278437e-06,9.467190654115976,0.00766035160928169,2.170295950301382e-18,0.03301504310799353,4,0.006925372661427286,0.04698993544159387,1,2
1.295713651179831,6.721797366516266,1.164378188803836,0.013769559254018843,0.07435857343037222,3.914815278846353e-05,17.095045289044812,0.08926414930715154,8.786364957484906e-17,0.01498640322846978,4,0.007003295630400439,0.13844836193738766,1,2
1.3094270393313003,3.03139197509773,1.166759589322125,0.017198730733238708,0.1347469658222902,1.644656611655907e-06,0.8981308888905561,0.0010172942595003676,1.3000716742332278e-19,0.05144701444198373,4,0.006272359145407724,0.08821311126883015,1,2
1.1599347468437793,3.2653161472388494,1.706341874398377,0.014706717937813831,0.4680185537749767,3.5384453387129684e-05,54.08696214166998,0.11081988272347587,1.1306240439059967e-16,0.06125157899750998,4,0.006708361400470862,0.03767347396256323,1,2
1.4748246999130399,5.446496283495103,1.549039269700651,0.014859497755342297,0.134197667001882,4.7732361234441444e-06,19.941086356182424,0.06701254982664295,1.871055422288878e-18,0.012276102125529126,4,0.006599324630297034,0.03798019256452363,1,2
1.1627754695753671,5.4405621426510615,1.2528564792000316,0.005314541480410342,0.1593623677079888,1.6581207403323637e-05,7.423298245766356,0.013539807633694778,2.948814503047809e-18,0.01927378620394594,4,0.006877674421353628,0.04210667049357222,1,2
1.291258041819929,3.1560456847889333,1.8283286957533207,0.007015239513956961,0.05142794314588083,1.015100243683362e-05,4.251208373247601,0.005674874565702481,2.0602403108506938e-18,0.01920095645599388,4,0.006901907701301443,0.11066093178914597,1,2
1.3240620594105692,5.916914101464913,1.4638325215193786,0.025639104947625526,0.0522775525702209,1.112613304966868e-06,0.6335341504365162,0.00013327666559259654,2.440491945271572e-19,0.05473424414635719,4,0.0071980845089335945,0.08948215737918015,1,2
1.3482435572604594,2.655337716099918,1.0635737853673883,0.006521377783319014,0.1268778179150384,3.739258889113214e-06,1.7898102720823563,0.00016205603337748897,7.848357811637769e-20,0.01937594711249574,4,0.006144913564295414,0.10327018455764171,1,2
1.3358441199452649,6.0805411767875315,1.398034005128134,0.007332972244878669,0.21026617159235247,1.0084770059242276e-06,2.2761327294157474,0.0002406456647854327,2.0791157174375385e-20,0.016216588425926735,4,0.007123724336405836,0.09212964093171584,1,2
1.2738061672354832,2.975969313470186,1.426127925672353,0.005557096094070289,0.1981848599358022,1.1493233359959713e-05,10.52967307689271,0.005531615497412545,1.175383364322893e-18,0.017435951901087873,4,0.006547783848024178,0.08150795528310834,1,2
1.4033991943727815,6.636665762114394,1.3840962186219257,0.019573076399976314,0.14997320627817554,2.319314353479867e-06,5.912400493560217,0.0021085880122324596,6.3264961608673685e-19,0.02764468092798416,4,0.006954284208101026,0.23413826004455854,1,2
1.4565206808883286,5.09159466031567,2.3723208296209086,0.027599192916869675,0.488747196800214,1.6502493217933567e-06,74.30954525567212,0.01745124038080803,1.1810859197968713e-18,0.05957889393430706,4,0.007018133809378749,0.00867930941649774,1,2
1.1548117506795375,2.5649267165151963,1.4588178329466637,0.020891687763092314,0.14864458421000315,7.450062768120393e-06,2.4832953620443314,0.009699698224252984,5.329369355762923e-18,0.08789179608884792,4,0.00677756564624527,0.04671556981840904,1,2
1.4077039259962763,2.184957878848886,1.8617561392722481,0.005533199994040113,0.09274848758839717,1.687024836150419e-05,16.537332678488383,0.03146202490277794,2.4170036380795074e-18,0.012395814381265087,4,0.006970986337613758,0.7858382223187842,1,2
1.3788576154414875,3.3230235836179727,1.3098340728201436,0.027978590528917446,0.09896433460179763,1.1298665316405727e-06,0.846055209707436,0.0008314579402659561,1.6149788383913104e-19,0.06574919983019706,4,0.006322533647219513,0.10890358037851326,1,2
1.2280918757039128,2.053811765431423,2.10187228208177,0.00644748989902239,0.5624192888533207,2.3006623988208207e-06,5.532117412492685,0.0034996484309210985,7.403417666001847e-20,0.021710203762158133,4,0.007503209823246965,0.05600854287218302,1,2
1.2474308126206735,4.16307675817217,1.3263200557453312,0.01100288349147008,0.06477861990510601,4.581629191161713e-06,1.3260066571518623,0.0016960951833322468,7.571938595688994e-19,0.033034325312068624,4,0.006679067630692742,0.0638653331209498,1,2
1.157736046887329,2.6477881924678317,2.3009894679654126,0.008964713747018559,0.09802083952655367,1.4257602755337229e-05,5.442526074515879,0.03173163381248756,8.67156216532921e-18,0.03427206570632804,4,0.0070949048185496785,0.029324888472666115,1,2
1.4540490841908216,2.897273201605695,1.4117451070525016,0.022099551086895014,0.3579637798074301,1.1036146216739453e-05,44.523795789294304,0.023044020162529932,1.1733540605920629e-17,0.045249079643440646,4,0.006270700278767051,0.6266918377945713,1,2
1.2060157042499158,2.5082008338409416,2.0027175274102755,0.021742068745825575,0.463678982454927,2.1127930074207835e-05,42.42904565480039,0.01764942603544739,7.267040153930729e-17,0.07354520473627976,4,0.007146008100888754,0.05156543769334032,1,2
1.2861850886641932,2.363417120288906,2.261280630582745,0.021237727295501555,0.2094032962847198,1.4403742779831881e-05,23.805371285471825,0.033670977550716685,3.234455674196356e-17,0.056539023695711545,4,0.007443409478658692,0.12000835391346978,1,2
1.2739167194420093,3.0746645828839427,1.6942990348447313,0.013643764039309557,0.291123235802455,3.8939841068014437e-05,71.03678993289178,0.048993360779373774,1.038852526792468e-16,0.04182998739709212,4,0.006833990607200316,0.14862164068425318,1,2
1.4403568020044817,3.249677612551688,1.4067708541078223,0.03435444573413027,0.1333025840155872,2.2886639702376202e-05,35.924481271465154,0.004478071850648746,1.099363308585256e-16,0.07376354490427438,4,0.006317090008650021,0.451223084928662,1,2
1.178690128581286,3.5193576018064907,1.6048410349021112,0.026879654432572203,0.4426601442830011,1.8170356474311785e-06,2.873458547558244,0.0024937828468569734,7.872738997018891e-19,0.09723351694662592,4,0.006694556969516589,0.039981691565252546,1,2
1.354919709144431,4.398703973226687,1.1489573793490535,0.028298309554526075,0.19781424932691788,4.3045458818725355e-05,53.61786757692653,0.029204753663009342,2.827091035931435e-16,0.0509511860024196,4,0.00637483404258659,0.27470267241903795,1,2
1.2083616578021952,3.8605524097060013,1.3449755325641188,0.01901878655744142,0.2265649627764061,7.423314109551483e-06,5.872597464954303,0.01465984759967398,5.525335230915489e-18,0.059947410060076645,4,0.006615931267638588,0.05387826681246144,1,2
1.253672553508324,3.7601869944170088,1.4064863103127656,0.03187312101775406,0.1574118232185483,6.418116010239147e-06,4.845971632984438,0.0017557998262223151,9.365226432456559e-18,0.11912942295756826,4,0.0066507283714193335,0.06722324816050007,1,2
1.2317819865408095,2.748739731548762,2.396569548478957,0.009606032876542105,0.43258158049013185,1.024490360178735e-05,31.807651028200947,0.02398116128550498,5.481244837266959e-18,0.028744724885884185,4,0.007370398302983617,0.06047713749954321,1,2
1.492256085971781,2.456392334065077,2.369681260412778,0.024921815519106452,0.20509643799887936,1.6007594195061075e-05,106.36900084777427,0.07091119719716943,5.174889661034504e-17,0.04021484533364765,4,0.007159794090803545,0.01110795504668563,1,2
1.3933564131192022,3.507369811083035,1.7884806441002237,0.008042300637875015,0.05272559424664893,1.4104670720340083e-05,12.333935208340208,0.028425575707432316,5.163751899342785e-18,0.018346955571742624,4,0.006783146630891154,0.18652295059926294,1,2
1.304508935432168,6.21898193350603,1.27371167260635,0.027394445905489964,0.5799573062038538,3.355952757562908e-05,140.73247728029915,0.009424754431922366,2.5355495047244904e-16,0.014186919710027486,4,0.007031577601157309,0.1981195428108608,1,2
1.485880535911911,2.441027713524789,1.1633004139823657,0.008038059143065162,0.12276529100482098,1.5705898557148602e-06,1.4253131703353283,6.158874797002056e-05,2.222920377920554e-20,0.017741129047660432,4,0.005943712380989197,0.14127992951328774,1,2
1.1969791402935817,2.046834628295818,2.3517600922249793,0.01059397635041449,0.23690341167262952,5.918915005290769e-06,5.5879844396149725,9.927543271359696e-05,1.4197799162555335e-18,0.037726290393856304,4,0.007705024019757978,0.043815053475423346,1,2
1.4010094395976405,5.490616667543551,1.420387746840598,0.015220078246301524,0.06370613917523898,3.0550325901107888e-06,3.032714855953773,0.006122540124509079,6.492560530100375e-19,0.02332260063816194,4,0.0068019359896538375,0.2527820873748947,1,2
1.220120616657467,2.9437923920174964,1.3462090297377078,0.016529159993589688,0.1143112978078839,3.5919253652699925e-06,1.2959150810147322,0.0008478346185825103,7.756298992306334e-19,0.05878198845047221,4,0.006515295143434417,0.061551542624539546,1,2
1.4342424579718975,2.0306572764803925,1.0048310309814041,0.0056305583631622216,0.4295860364311854,1.1931782816499667e-05,20.108074562575244,0.003969846890615969,4.2825217624471244e-19,0.0152352178896939,4,0.006301452541969766,0.13808990279745884,1,2
1.3954041290973613,6.638620561070869,1.2210993590721506,0.03386982393387901,0.09136497907976032,7.612675269271007e-06,8.082989585808706,0.022851546760385588,1.366346653498088e-17,0.04829069410230067,4,0.006792086584853881,0.25075736393704073,1,2
1.3781257942912286,5.429915006565243,1.255258952485332,0.013482353244690614,0.05599776218780378,3.083876619564919e-06,1.7191947732542985,0.00629314220633681,4.41601759227625e-19,0.02813401215836748,4,0.006683907532460157,0.12198984943113803,1,2
1.4924337162084955,6.215381586353724,1.704657461291141,0.025659274148859944,0.47056397320096294,3.6627881730351905e-06,93.38285992699076,0.06765410215876244,3.0303729017307494e-18,0.10577322514324088,4,0.006727928641726111,0.010940142057375668,1,2
1.4922484696356095,3.5080053122261807,1.1567279870041742,0.015054792252101481,0.2185838282155685,1.5035060115884702e-05,34.704131110781965,0.08561211097111965,9.194961030366442e-18,0.04476005127537282,4,0.005899679987100568,0.8442777093018576,1,2
1.3744260962714878,2.106584949934351,1.7959794531753603,0.03398445318309243,0.2643236767721782,4.537977366807334e-05,95.51144628007292,0.030377883041200704,4.135890235250816e-16,0.07960581049213633,4,0.007251525574127373,0.9139912370587794,1,2
1.3174145677924507,5.5187224545903195,1.137155930725063,0.03219025219047781,0.147899174879895,3.086276993948522e-05,26.25685224352821,0.019156170714055065,1.9590913045510541e-16,0.06431637552795702,4,0.006671357427925059,0.13270351259054897,1,2
1.2523315861385909,4.372227184146277,2.172168125687778,0.021947715715092367,0.23333811775338023,4.457589337119207e-05,122.05446283131407,0.07703773808768943,6.020888721738655e-16,0.14810131703525814,4,0.007403385898304901,0.572167070533617,1,2
1.1772049483991145,2.2725966790828482,1.657661580781951,0.03640332850246064,0.2752983734592319,3.357968313470898e-06,2.4829502791043865,0.001482457092057743,2.574615386645485e-18,0.1381550519855993,4,0.006985598025531298,0.04804110862227356,1,2
1.1833895742746245,3.5069389134081512,1.5528401275290826,0.013239280900179146,0.2329941992837964,2.907262042510958e-06,2.3743789865951532,0.0020095178274655012,5.297013613741047e-19,0.04923094631485437,4,0.006670575467238332,0.042635538862014696,1,2
1.4530796235356174,2.8701226999663985,1.1030849431959948,0.01033025228839749,0.5114202204063805,1.8657607800838415e-06,6.419654091717941,0.002144976201474691,5.219508086392777e-20,0.02389394661008888,4,0.0059096334535196785,0.12829310902259636,1,2
1.2380588545023414,6.384837979339717,1.3756742666746278,0.02886425348928717,0.05597566337408054,3.2322784649678205e-05,10.256287469855316,0.0027475554965370463,2.964034487723303e-16,0.005159821685638204,4,0.007286590072781811,0.07733954392367624,1,2
1.2248366827787058,2.507670524686474,1.97409648777907,0.03913295184003349,0.5422625149026213,1.8973961495743676e-05,49.19717688062454,0.032156905353108556,1.4004218374028777e-16,0.12164721778459495,4,0.0071518410373848295,0.060061502592803045,1,2
1.466222929961074,6.887451372288547,1.6594778164640884,0.00675410243384102,0.41267828857885236,4.705353739296558e-06,89.05891718072071,0.04819130481373435,5.259621328167335e-19,0.03520434737338253,4,0.006928677696392382,0.012949408668442923,1,2
1.2496142189409756,3.7459269023784163,1.0324662368243775,0.0051982627538756905,0.09643040243120866,1.0289034265354457e-05,2.8011284629989115,0.0018919409349038574,5.52899294470619e-19,0.01817802740263685,4,0.006367008702235388,0.07564246022902518,1,2
1.4033803611518827,6.634493785846288,2.116269249221658,0.035389919046055957,0.24305010019559078,1.7655315722427856e-05,254.36282397862965,0.6300305419303953,3.4338563963720514e-17,0.6831776456139147,4,0.007662520755062081,0.007514710271654378,1,2
1.3442384922747563,2.2148023823642218,1.0583614353096849,0.02429094238240922,0.0826681719803426,2.197250429897924e-05,5.845612105944448,0.007778016176088087,2.4283013538981572e-17,0.07293461980987162,4,0.0063699540641327075,0.11696138976831646,1,2
1.3009090039483946,2.017481936123675,1.6728437143684414,0.012562414968091629,0.060076475398509695,2.776884990561195e-06,0.7830444162240207,4.470883538942871e-06,2.320165733545591e-19,0.03726285448677607,4,0.007038330728817144,0.08805665023672449,1,2
1.2476204645676308,3.0839236173674065,1.9110656989126487,0.007079996849861081,0.15043979492933346,1.0739612063062517e-05,10.456017099517918,0.01684515358305383,2.6887298884323954e-18,0.021422550280385373,4,0.006959302855820365,0.06988311780983918,1,2
1.4787644324861613,2.3098888243579636,1.0753862361626607,0.007449108920732893,0.08649963687518496,1.8903322016399342e-06,0.9598988914647556,0.0002413811277826028,2.4184220537935683e-20,0.01747280418097129,4,0.0059308843755716935,0.13500620639585975,1,2
1.1734573250328617,2.6003810600819843,1.2271163847727928,0.013553327504100557,0.250031103653748,4.151470469588133e-06,2.116865552473748,0.0013064637915185529,5.712220647296042e-19,0.0572332483030555,4,0.006713495059445402,0.0600845730488921,1,2
1.202553669609408,2.251842692211174,1.272590544853319,0.00713234090456823,0.16523212254440758,3.0196501990966214e-05,11.180675422775991,0.04002122366209804,8.172333795985054e-18,0.028747988483153207,4,0.006862456001836338,0.0710108501527217,1,2
1.3911422295104063,2.579902271067863,1.033372921795474,0.005754852060325729,0.14766133257943156,4.147021213577607e-06,2.57970317214787,0.0013924996743526208,6.997644516969141e-20,0.01594338222769834,4,0.006038830168701445,0.11449663491459554,1,2
1.3786262103658844,2.221628563525262,1.2626879540530036,0.020810898425156286,0.20512472722060338,7.548361948438671e-06,7.61872194082445,0.01249221455790206,3.0047234937548613e-18,0.05475169085579005,4,0.006416624511351788,0.12238126360974906,1,2
1.4613152381052013,2.30509948530317,1.1961575750250382,0.01620806627689339,0.20372470398843112,4.6255592907810566e-05,62.39004896281042,0.0805845451201499,7.363343305757083e-17,0.037504165515263185,4,0.006241381181842461,0.7619483082894691,1,2
1.4910297023841512,4.173928784207171,2.0043946974187037,0.021320570484963032,0.06957119431613028,1.0550572006807062e-05,38.62528132164645,0.23231467799799432,2.142490252307204e-17,0.048173585513990036,4,0.006842522985922584,0.007368013209863366,1,2
1.2473290680596185,3.135667551116286,1.153962582274141,0.005087402046550548,0.417070248383022,1.652945285381813e-05,20.77426076475575,0.014187236905584655,1.5292326559098346e-18,0.029364928248240517,4,0.006367814121131738,0.07648090108788352,1,2
1.4044191839561544,2.8690406694463784,1.465875851213124,0.00721118248813336,0.22326825596866506,2.6654955784106793e-05,55.60015780395203,0.06690058804476351,1.0241530260804268e-17,0.017061482557512574,4,0.006471697826769446,0.9011461344984051,1,2
1.4143896299940024,6.442883572354332,1.2695510384857476,0.021494907529778267,0.06850458567775229,8.150036460130816e-06,7.876471811629505,0.006286739824620469,7.955005401291486e-18,0.02241557819531718,4,0.006754185323731142,0.6735543633770381,1,2
1.1841860135880202,3.9356538012768256,1.643360320910475,0.010287183265871162,0.11916201858226276,1.6149706353277522e-05,7.9221813171097395,0.004520949928359386,1.2773331151380411e-17,0.047790818474524155,4,0.006803472863286553,0.041349395504180785,1,2
1.3067952320927594,3.332825756896479,1.1088006769845684,0.008992972448468072,0.41030624042040814,4.4810005636246765e-05,71.75927322550899,0.022387180689015906,3.2539004612583804e-17,0.018990872117654045,4,0.006236877881081564,0.11724580011214694,1,2
1.2698723138394985,5.953997007380533,2.2267900834907426,0.007869252529955769,0.098732886966381,1.5224785796581548e-05,29.185232262045044,0.04611456465173802,0.0,0.5641447215371984,4,0.007848507805784263,0.20963320654254491,1,2
1.2474103904347662,6.618753389258701,1.397271624463691,0.022824882038483967,0.28991243027740987,2.306633062775117e-06,4.23988527491977,0.004586331125882026,9.97794087807689e-19,0.05936885006400719,4,0.007374317850388401,0.056919966285431306,1,2
1.447525735449216,3.0191004305996336,1.1061218604644274,0.005549686160049511,0.15366598656637265,1.1896957417973435e-05,12.5919441588589,0.0025882910608672205,7.384543743331838e-19,0.013500034105586707,4,0.00593253062028399,0.18640698543856646,1,2
1.2359858588046888,5.742324978584219,1.2777775127289885,0.02912943951922335,0.05428345605185344,2.794186589808812e-06,0.7027304412897643,0.0008442609901599951,1.6951314268960076e-18,0.08709626440929324,4,0.007018783867820659,0.056422425928991056,1,2
1.1997778849953489,3.5043635573977845,1.379151604991891,0.0113624369359764,0.4148956796985077,9.652844459326545e-06,13.056178733465334,0.011005214648847073,3.702117256147613e-18,0.04685696576691496,4,0.006572172289962745,0.05273769419556209,1,2
1.35071099060844,3.260078681011958,2.0967461134812257,0.014194657509976042,0.3191856962075582,3.5742769427752805e-05,182.51858025674062,0.2582982596064163,1.3198553220617773e-16,0.0359824601270931,4,0.007181088161380653,0.043424715424898785,1,2
1.353068654704028,3.449736578776462,1.2732277101242422,0.0333112067851849,0.33452763434659233,2.2822960295849952e-05,49.324901799376235,0.060438670707679165,9.871250403400059e-17,0.10176227630050796,4,0.006350213742740008,0.1718205408324088,1,2
1.2196799371207403,3.456391340507414,2.2470735292366677,0.00833915335515567,0.3778621339620102,8.225215937108599e-06,23.852483341291887,0.042336055527652405,3.1892604990584183e-18,0.02576793534233728,4,0.007185522939323752,0.05156048729101779,1,2
1.2188242566922058,3.2011440271074756,1.0723477403251347,0.020268304624414323,0.3044062881399332,1.1200228334074044e-06,0.8138642780263058,0.0006547881468277339,1.6427620048789713e-20,0.07594159429430569,4,0.006437528551555361,0.07011050693054639,1,2
1.245888249771004,5.239506373928102,1.2015233728484078,0.015272747241151576,0.37039019767403536,9.297371057209648e-06,14.470498310860641,0.023462041967471592,5.7522126386162495e-18,0.04572571686928197,4,0.006783838203283969,0.06449240117907122,1,2
1.1879590443616612,6.247114357206779,1.9822001578535098,0.01618675623291739,0.11433177100498502,9.757249911026982e-06,8.702554492031219,0.010362140939610853,1.9086468441572683e-17,0.11272650736572025,4,0.007670510084038259,0.035011163316251565,1,2
1.2760823364879386,2.32063162241387,1.1184152447188094,0.005494016056634304,0.07635041156280604,2.6135927306489064e-06,0.5408018600259058,3.302570116936465e-06,2.845882028435715e-20,0.019206925446353933,4,0.006490342874460715,0.08907052934421991,1,2
1.3614642243685562,4.136954853904239,1.7179048262818593,0.02762601879257572,0.06333459229875521,4.578602865730229e-06,4.315072167035386,0.008668491584563398,4.7508243268240585e-18,0.06539943609401032,4,0.006896844913222814,0.2910341572919395,1,2
1.174485742765011,3.379623724812298,1.0748685237603397,0.005739646489084506,0.06478546125296954,4.5963151589896204e-06,0.5905392466588789,0.0008679150487749254,1.4020871973378072e-19,0.024382324329859484,4,0.006615499946949752,0.06149686439863059,1,2
1.4084938414183716,2.8471450354962133,1.9733059412494052,0.008121726327599263,0.10207687199088473,6.323282610001263e-06,11.041128988889811,0.01285627360258168,9.662874132595552e-19,0.01638113388646259,4,0.006814525713109082,0.9132086266509924,1,2
1.1731406314448518,3.5095258802954943,1.706971374343336,0.02777380725697305,0.05748803474579633,2.2857732463386566e-05,4.917996853838137,0.041888734511829284,1.4049378433573593e-16,0.10901260774091201,4,0.006739578963095073,0.03907590911217797,1,2
1.337927836723864,4.127462982667847,1.0479210490652304,0.03115889237719822,0.0996007163132408,8.480974737451945e-06,3.927659459241323,0.00200570342074613,9.21719846859436e-18,0.08225941171385939,4,0.0062458785577254655,0.096829114570088,1,2
1.326941170714445,6.25423597076966,1.7351118443201856,0.039287569399894806,0.08902185709165442,1.3335464066153008e-05,20.73474892683225,0.02868099385244527,1.0863650157211539e-16,0.24354624952091758,4,0.00751299406204997,0.3685209414646486,1,2
1.3404792904949925,3.8056467435575856,1.7772781445066064,0.015711049546098844,0.11547123026380147,1.2303361170630391e-05,18.210819174957546,0.03277186368628904,1.5376447829314236e-17,0.04113470543132655,4,0.0069302058264839855,0.6322031830719939,1,2
1.1757653937737436,3.644594019774374,1.5142441751919569,0.007789977738991046,0.20513521221258618,1.3745888947872993e-05,9.318285942959271,0.029953453587712175,4.56445041117486e-18,0.033882187887255624,4,0.006661382966057508,0.04246351393928922,1,2
1.1888403662896558,2.9014073730665464,1.0584790963215356,0.01730857485977072,0.06125223854245379,2.4532781297379737e-06,0.291277667048776,0.0003015079826482747,2.972424161963951e-19,0.07103687767831175,4,0.006628053481352633,0.06914110674434094,1,2
1.2953243893497952,3.5221517849867543,1.0306869592191648,0.035850096903434076,0.08855622301943852,1.0872335408654737e-05,3.2544673408841787,0.007729105761923094,1.6693672389117007e-17,0.10668728513588566,4,0.006233763735000829,0.08786427212877276,1,2
1.2199415902758284,4.2186405137506755,1.381567669079882,0.009698001376701688,0.16252929058479296,9.911494393177172e-06,6.609665439167212,0.021427886730688073,3.26329927542716e-18,0.028186121089557238,4,0.006729500661940239,0.055775260354102775,1,2
1.3481074595644835,4.738273527649827,1.279031154691687,0.006049163881192477,0.09383867268951679,3.589666670292353e-06,2.698296137524374,0.0070048212652595865,1.3878368535390577e-19,0.014046046997674057,4,0.00664596898864511,0.10421089334034626,1,2
1.3514026541173583,3.3611155997162867,1.3300363473704375,0.006134547831553485,0.22021697319712197,1.5376013760744936e-06,2.311821493688559,0.0015411822639919137,2.2790903382389434e-20,0.015920881291512166,4,0.006401666762050776,0.10044725044635917,1,2
1.319301694596523,4.73744953027896,1.769928541705157,0.006969680895315689,0.12109243244062497,3.9684319075512954e-05,65.3850871381281,0.2680680793054684,4.139826677192588e-17,0.14293654749839715,4,0.0072165885279555425,0.09637168195429513,1,2
1.1780737682836155,4.6808163192173184,1.491639258426916,0.01790680604809087,0.1330041008950829,1.6229596201620294e-06,0.8161536718497854,0.0007206518420845853,3.204434248150728e-19,0.06263742915891131,4,0.006889494907476558,0.03832024379320917,1,2
1.335348245456617,2.0153563853621934,2.2071840036257107,0.026321254015214346,0.12656811038230473,8.183565450656924e-06,8.557571496263964,0.02053780666877536,1.0418064541115596e-17,0.06460425259636922,4,0.007496058656807898,0.1361946771134288,1,2
1.3230251809798583,6.82399371646665,1.0408754230035038,0.00928549578233683,0.13747415547992717,2.1766802725279352e-05,16.192522575603277,0.010582708128623608,1.0266002468424154e-17,0.022084596301087056,4,0.006737199238079898,0.10727890080565396,1,2
1.3961640498406622,3.399126463189246,1.0107714397422676,0.019236306366640393,0.13738147807305912,1.579277667659889e-06,1.0908762114477242,0.00048696577543339004,1.158169310684375e-19,0.048879881042668556,4,0.0059720848416455604,0.10651199640464819,1,2
1.359914517802157,3.492103607960876,1.3241299825870139,0.008750557407705558,0.18240179344011817,2.6350040603960685e-06,3.510491353746636,0.0006468267893495749,1.3156473948001394e-19,0.022454332049827188,4,0.006401763104885852,0.10739277070120073,1,2
1.2766754986209976,6.509131712215789,1.5492345319786482,0.00847013807884149,0.1825988430092146,3.618305385994824e-05,62.94723154737719,0.02439962020416786,5.66798704600122e-17,0.06183271962591838,4,0.007510176756692641,0.53020069830898,1,2
1.4476290991772776,4.671969987340752,2.279135907460034,0.024114856837321612,0.2710017457380425,5.336519307989968e-06,95.7777298083178,0.04764015053081039,9.432434013005959e-18,0.06265996156811433,4,0.007069066069718058,0.008050953695364224,1,2
1.1965683537385428,5.003876582270016,1.7881276395697767,0.03741550202587493,0.1110152873610582,3.087124846840827e-05,20.576488751820037,0.05726658395910533,4.44344447734245e-16,0.44505939955326235,4,0.007213747862684618,0.050189195149739074,1,2
1.2187597432382122,6.544225745599003,2.4903968848576175,0.005515285287021819,0.11202344703155741,4.9662045171361924e-05,93.93809426954525,0.28650803835172667,9.108989362989228e-19,0.7304292195350095,4,0.008076111572265588,0.06180610006630504,1,2
1.4874234722647253,4.633360175467268,1.1311392332099686,0.0050692798470000555,0.09288274857562012,4.023148144453514e-05,45.80714846766644,0.09571447345460982,1.0700316076724538e-17,0.0036791367016501516,4,0.0060855619699735405,0.05972011131703889,1,2
1.4242267942327747,3.421075196240234,2.00874022101655,0.03264444559239872,0.10534888325291995,3.05893322402848e-05,81.54816320510062,0.1682632484355615,3.473293750764363e-16,0.0708195922479811,4,0.006996688908404299,0.012014235641730184,1,2
1.2353803679106747,3.019023170717491,1.0418277783052434,0.006976374260938328,0.196540394474822,1.0981783967477206e-06,0.5180871766489739,6.677670008059522e-06,1.7998832494336467e-20,0.026108457184657256,4,0.00640117776738239,0.07632635836705542,1,2
1.3294721172077941,2.4746323249117657,1.9859080125096908,0.006524578170240695,0.08363245926247255,2.8632141368063864e-06,2.1449857636207352,0.004180231496977882,1.1362064629475532e-19,0.01634481601242947,4,0.007005533326220924,0.10897817412078413,1,2
1.3425790964141293,5.506830946730531,1.9940350134653149,0.02335470435274398,0.27205851450687046,8.378024518676979e-06,56.94425553574358,0.055559510025194214,1.0200517694313162e-17,0.4101848210906558,4,0.007435551225071884,0.08273129947011139,1,2
1.2596048102066022,2.5054647417721387,2.206568970731767,0.011708596779903472,0.2515717846591081,1.3061846122428928e-06,2.2754966192749135,0.00047450419495120855,9.426075526101693e-20,0.03348729408811373,4,0.007221275822027575,0.064593183037166,1,2
1.2657297236068632,2.2681039238332747,1.3838308058589746,0.02296933200495579,0.11671442440032274,1.4421679351209305e-05,5.72680240963711,0.0023302104792310985,1.67670777204703e-17,0.0748903949432167,4,0.0067020873320905484,0.08308563982680071,1,2
1.188258065599162,3.2395197838717693,1.4560861549158182,0.01441070280776619,0.08819518097404519,1.538268434963185e-05,4.254671573127907,0.019072401105086456,1.4667640518186402e-17,0.055972149607679586,4,0.0065959647526576915,0.049665820488683975,1,2
1.4538195394680185,5.535489082773531,1.0286958845771976,0.013796867967395777,0.1175478781441854,9.402509317751303e-06,10.22354391577534,0.010163396962152405,3.1461704306334623e-18,0.026514480278450277,4,0.00611974476317324,0.2248353915136127,1,2
1.1757337263181504,4.988880807592303,1.465048975362841,0.03559630813906412,0.05242709395815626,5.125471286404541e-06,1.004853738415982,0.0007655314795407264,1.0052421101939575e-17,0.11617514766220424,4,0.006944255135246678,0.03809818166294659,1,2
1.3087594437089536,5.664946706307779,1.9998468055695688,0.007300492697130269,0.10741659387395144,1.7785098408658413e-05,37.82954465255231,0.0693127179982298,3.5459136588455566e-18,0.6974597544567225,4,0.007600314661545593,0.07754178538522115,1,2
1.285669227017077,2.7806449893321794,2.346080824352397,0.028866876982300338,0.12092020760197864,8.583200887250281e-06,10.649805619141404,0.0012237015054008538,2.2769298610432514e-17,0.07187861112798163,4,0.007298707294071309,0.12602087922605873,1,2
1.4720430071592048,2.623324087927541,2.3002863768050625,0.031457794171057374,0.30407670698592043,1.464183387730712e-05,135.1825729005558,0.1120637922542258,6.56088480924114e-17,0.051853491359477824,4,0.007101876222674255,0.013530059153774067,1,2
1.3795753473981656,3.954770252492788,1.7049669330907604,0.007536729953045477,0.20236045443614847,1.3909227292636655e-05,44.060556096837075,0.010347237034849854,5.0699179551320846e-18,0.020639164914008804,4,0.006825075643111827,0.33423043239991107,1,2
1.3083571781311514,4.6838939720932995,1.521716185800697,0.026582053962152397,0.2998778232427912,1.416719146598921e-06,3.8570035573886363,0.0050206544143200915,4.1877413695588797e-19,0.05780104203922708,4,0.006974130540189748,0.0843006530211403,1,2
1.4108185458934717,2.857477200380274,1.0774672683132895,0.006433460957423876,0.11184459556711353,7.786669994608575e-06,4.64771373700251,0.004272277229549815,3.731710849079741e-19,0.01672399306319098,4,0.005989926783365914,0.1285910091087136,1,2
1.2554550132290723,2.5805790956989405,2.023513489662406,0.010877383334995442,0.4386137027189995,2.602541272604341e-06,7.0439008870439705,0.00287478675342534,3.061035306258822e-19,0.032089774951412256,4,0.007089891964385903,0.06480647676969815,1,2
1.3813596985623218,3.129810746170832,2.178396535905026,0.01917459263482993,0.2699583436798673,1.4380191380146187e-06,7.825704658881058,0.001901191901716004,2.8289639592304527e-19,0.037320181648154725,4,0.00698333944952616,0.2602552156679817,1,2
1.4041095652201987,3.117878692851614,1.970390703332756,0.028991136650652897,0.06777379623377826,1.0618623542796172e-06,1.3556599789398198,0.0009815028904185397,2.3238631476038506e-19,0.05465769069164613,4,0.0067778768056573355,0.20695884765144604,1,2
1.4065684060385493,6.729396351468887,2.2819049194062315,0.01236814189851166,0.3968358841969292,1.0963399738298645e-06,34.64684263441818,0.035521899256927725,8.4637585283091865e-19,0.06613292162231002,4,0.007438510115560029,0.014580111906677344,1,2
1.168016292542977,4.143677905704327,1.6215471083107038,0.027791530845604782,0.08931141035881342,6.1102364949689566e-06,2.0431033537412695,0.0022056262250265135,1.0104537193184148e-17,0.15761355045567269,4,0.00680886905777289,0.03500652618964275,1,2
1.4958211829674528,2.922530908721704,1.4486007149962719,0.01768566241920404,0.5927395574296102,2.04397761249448e-06,17.975456799461426,0.005414754368413099,2.648986809979387e-19,0.03263459994673905,4,0.006147911838064874,0.2621507514206531,1,2
1.3817556970278075,3.3603190427200706,1.443663927687971,0.00852897464524734,0.15894360121161127,9.475130532451765e-06,14.197143544892466,0.018170832117776925,1.889893456803668e-18,0.02069872577787104,4,0.006469809879989713,0.21597335903008805,1,2
1.2763226893163173,3.7685006792211966,1.7909761324982536,0.02938780961367062,0.20157541562434633,4.466542528644051e-06,7.624167223151317,0.006811457013215616,5.893527181709849e-18,0.0788672594834018,4,0.006987006029838376,0.08005418365948515,1,2
1.48473338424858,2.482534164075312,1.042565717342244,0.033059226524734205,0.09679889548953267,1.808947705152391e-06,1.0601234446811372,0.0012895185400996212,2.678239600114306e-19,0.07238180213359606,4,0.005828653591389182,0.13360482433768414,1,2
1.273963668451393,3.073171026857891,1.38399450267021,0.02934961759865621,0.10289540292851009,1.680217783990071e-06,0.7821814579213893,0.0012804880187946566,4.412329903276265e-19,0.0871581482626575,4,0.006507018586915959,0.074620567208842,1,2
1.2178290138106849,6.5724677919805945,1.4813354247528874,0.01058593310374443,0.34505629501361806,3.88645450756274e-05,77.6214779288845,0.04246583483373456,9.314405767689933e-17,0.03142832757835868,4,0.007413355855686049,0.07056115600147282,1,2
1.3169595637566887,5.548932039507282,1.2743392672883664,0.010362201982266983,0.20943620428091642,2.5213433387248774e-06,3.8741899868477643,0.003621328068264873,2.102852459812116e-19,0.025615251554505437,4,0.006890277194055605,0.08471213190360502,1,2
1.237245427639006,2.529687212760061,1.271702231046279,0.028638815093352917,0.3603252257343556,1.5616198202196216e-06,1.61529356905948,0.0006388292725638678,3.1573349892209375e-19,0.09918854619947759,4,0.006533945362925438,0.07175665590834159,1,2
1.261715350410934,4.942887185188003,2.1984633312370248,0.016028072812898815,0.3041674190289612,2.5313347196523916e-06,11.337285657611988,0.003193016506171986,1.1651008193127304e-18,0.05253360242074512,4,0.007556208098227564,0.0847717760084342,1,2
1.4155134019964146,5.5929836222115545,1.4519798783330584,0.008164968966983628,0.05428438608280417,1.173764647391397e-05,11.66291247666499,0.04896915429899096,3.593062784216428e-18,0.004302495456665777,4,0.0068206744585670945,0.14053593640348774,1,2
1.3604682207046186,2.0029995460521537,1.6106017050479677,0.035194122303668904,0.05371959357024303,1.7117491625220271e-06,0.545198148791008,0.0012174111124609865,4.385643517142943e-19,0.08823166244186229,4,0.006864760078310883,0.10953340852786363,1,2
1.1677857933906965,3.455702869876179,1.4227159632996305,0.030535735731300567,0.058974044923938033,2.191104651647051e-06,0.3624693668819649,9.47840649443421e-05,1.040256573789056e-18,0.11869940457562458,4,0.006605947766448686,0.04312577795755686,1,2
1.475488134759101,2.0481985105275635,1.2680268873171299,0.011350542011663241,0.050072832614141964,3.0757660723955373e-06,1.0628766782865413,0.0014924919512964152,1.3653581973353954e-19,0.025635833575464242,4,0.006242893563694412,0.15091398492832053,1,2
1.349807527242499,4.322965996461196,1.7468106365644558,0.019352138909895403,0.23019497125911362,1.1447808313746635e-06,3.9443724619856595,0.0015615955657608538,1.7885876499503746e-19,0.043472047358122115,4,0.0069840532142424186,0.12578807919382995,1,2
1.3685337560527386,4.155810784740416,1.2208201591674426,0.011963019910939869,0.09025366639716553,2.9833304853886246e-05,19.88919692720719,0.03587197061806435,3.2383020128356446e-17,0.01765136999786974,4,0.006403074429811498,0.3238274501897378,1,2
1.2384234820818407,2.4527826892369475,2.0749694238728376,0.024341318699757374,0.4155460247684748,1.4151992876679033e-05,31.935641336318067,0.025506208043083234,3.877049963419748e-17,0.0742230344783544,4,0.007256907168533168,0.06521312693058924,1,2
1.2846903173922937,3.6286264193381803,1.6631604737893009,0.017266711514370776,0.5236140824644074,2.8244142364797522e-06,11.162327295903795,0.011880114038028466,8.669452814276087e-19,0.04699480053937935,4,0.006847430286542427,0.07836103039116074,1,2
1.4104844557860163,2.0428546694754828,1.190426160932776,0.0356316705386195,0.09331043519294936,7.383576629255122e-06,3.25988529055511,0.0014260395038316886,5.009956038832777e-18,0.08872672956610039,4,0.006385771968239498,0.13141456371855126,1,2
1.4670816445740087,4.541104143196423,1.564503462160097,0.021516873043403797,0.5686010025680533,3.9725851105871717e-05,567.2048839019317,0.29548666398788015,1.8876617102073578e-16,0.25769788733555576,4,0.0067536625886056405,0.009414746623924228,1,2
1.2067407886033767,2.3835169635411333,1.3019273711872432,0.006761287207350506,0.3338294281144887,2.6095162647544443e-05,21.288120565979142,0.04194643429359601,6.238022001112027e-18,0.02655459277380441,4,0.00674734721863522,0.0686381567158943,1,2
1.193809037411572,2.1919898836104914,1.345340207582542,0.020860361335067985,0.3389862846019271,6.063245293714968e-06,4.628540600321414,0.001704871013892273,2.4243473537026107e-18,0.08276196595870107,4,0.006936639111831605,0.06406739312084153,1,2
1.3628256835138062,6.313006782662711,2.240138938876334,0.006386688133971344,0.29422408063968203,2.0864114693360917e-05,288.88576969212323,0.14913043228504108,4.562633486058786e-18,0.6082942670618325,4,0.007776197805637713,0.008289222855932426,1,2
1.4635014884050284,3.376873337908005,1.1537133301579332,0.013391820631112137,0.12546626942043898,4.665715292262074e-06,5.20639878663851,0.004033846307248012,6.375371126797461e-19,0.030639479907101932,4,0.005953058629300202,0.16972807404629214,1,2
1.4234136256986651,4.525774845781092,1.8648964298138402,0.01942726719403683,0.0710996273075835,1.2564701991057476e-06,2.715320232782215,0.0020776857808497695,2.0435280296827683e-19,0.03688054612267676,4,0.0068439002841722265,0.9019969545155873,1,2
1.2772752202624043,5.798788533149826,1.8119321852147916,0.025919959502500107,0.23481546738673073,2.1506145663369303e-05,63.430634467784536,0.02855353641030689,1.6600021193623752e-16,0.31026565554438346,4,0.007552899705897359,0.7368909585201839,1,2
1.4984721528653677,4.887778186608913,2.2024183165277487,0.03780564205722359,0.3149291283514733,2.4056672494257307e-05,710.2381840079405,0.4395425521438767,2.800030381868333e-16,0.2811680032737368,4,0.008185631998895064,0.00640519032072837,1,2
1.1742636820620775,2.093281605323401,2.3305500950691065,0.008196859726874114,0.10677617274362484,1.6972465658570051e-06,0.6352037064753803,0.000665182039384149,7.890899177077002e-20,0.031169986308925035,4,0.00755545837026745,0.03660474666611446,1,2
1.3611932042021815,2.075782591602817,2.079648263459303,0.009299031885437872,0.3174996391151775,3.52583008071656e-05,102.04196831616369,0.011291543070889531,3.37768112955959e-17,0.022593175193144504,4,0.007580641105584164,0.9484415794117956,1,2
1.3815120431289598,3.404208432910024,1.7728391603849163,0.0296050014876054,0.29278809671089756,2.6827264988939327e-06,11.487432466643298,0.010799741861154288,1.7327543165960118e-18,0.06069554500183872,4,0.006752073543660236,0.20543097050844888,1,2
1.1523309457673752,6.021138958790746,1.7704017150133302,0.005705774916552711,0.19658515896628018,1.0016651129359564e-05,9.239014812457883,0.0638025453849771,2.5041165038811876e-18,0.0034303029124635115,4,0.0072978853804439945,0.02503195632845317,1,2
1.2432250040797195,6.068628904843379,1.2456853863570023,0.00674328817554473,0.10784236354493038,3.7575816607966906e-06,1.9174549849919003,0.006184660025558841,2.244291589726045e-19,0.02027668333661496,4,0.007046921448821752,0.05898571028943083,1,2
1.4545011216319865,4.555311542755867,1.1182118257832543,0.011336718199609595,0.06454530111036065,1.581268090781133e-05,10.23172396875426,0.053258874975700365,6.622910691352321e-18,0.019477886228245818,4,0.00610884203829841,0.6160917947975413,1,2
1.443289041525205,2.24852853037773,1.580979280498183,0.008315350519293498,0.1015273401909531,1.8568911123681885e-05,18.617574024898087,0.021882674539696723,5.143224265858672e-18,0.018109081069651027,4,0.006611567025410205,0.8186471825045952,1,2
1.4908730135125006,2.8364469854748626,1.6440216895741686,0.009532569149959135,0.05834847310620166,1.0557902918790895e-05,11.354060182919795,0.04843508695633858,2.622999093958847e-18,0.01754862858956041,4,0.006365985609990107,0.10856644436661331,1,2
1.1984628658124865,4.7333428177828125,1.9831059968503795,0.006722328550615543,0.22002301102626967,2.2594528144655783e-06,3.48727828372348,0.0025635891386386334,1.6022504554798383e-19,0.025768318220032994,4,0.007271208415167221,0.03611665296525654,1,2
1.408505964412859,2.8615328486716876,1.8810857454118386,0.019234262631288596,0.2087849438400933,2.3430178750850374e-06,7.656111520117959,0.01166879440365598,5.694438445699995e-19,0.038253890710223636,4,0.006727176253194135,0.24905097782227684,1,2
1.4353841461676382,3.1194575953088703,2.0259894331165085,0.013424946859584558,0.15223991397578804,1.6219758887120034e-05,60.02156333461905,0.0013959594173655887,2.0257068730682897e-17,0.025901656710359815,4,0.006886757331851872,0.02096975440592158,1,2
1.259014727867263,5.204825796601324,1.5033211858602642,0.023320873539449623,0.28297594628310757,4.037201331562069e-05,78.94390674327195,0.12564444703868105,3.670846856524009e-16,0.029869880767760197,4,0.00711590554024235,0.1470826327224071,1,2
1.281895283677954,3.0967363057039194,2.4881845318743503,0.014631163651925046,0.14144035842803163,1.550677527277769e-05,27.75621974839402,0.06960217335617358,3.0685908369276495e-17,0.0377493201430054,4,0.007405438759291109,0.47112650709983256,1,2
1.2290264297201392,6.6391360119182545,1.9952044786718626,0.01927996531597154,0.10325906899835169,2.3714828532857086e-05,28.52282224646346,0.0506920182061954,1.1119683241718535e-16,0.5309625308938152,4,0.007908091571261672,0.23342611223013382,1,2
1.4681127310461883,5.390274952309701,2.3069410297122372,0.006056571365173167,0.31541739946598585,2.9636584663600132e-05,933.8459079294669,0.45338370879498413,2.251185225032714e-17,0.17196856405107344,4,0.008754544588328916,0.0066932857532181304,1,2
1.3051025937692864,2.211225219930817,1.64404254603507,0.008279502094051176,0.05421935156497987,3.889466637999206e-05,10.8581940939118,0.047217298604790514,2.5185054182467528e-17,0.024296465707522988,4,0.006947221051830856,0.14615427607326292,1,2
1.4346340077251243,4.428140938992112,1.9854615743127417,0.02019973468275287,0.15792525336389815,1.6070769075188325e-06,9.593426323189675,0.005961863378326271,4.108528750239863e-19,0.036569005934168494,4,0.006846359394760862,0.1323036687584281,1,2
1.2417004451571736,3.770219045824793,1.7046488842444036,0.009359592391174959,0.06859033796069693,3.8162378624768706e-06,1.6178586421451868,0.005773375289075844,5.471078045289997e-19,0.0291177789044178,4,0.006905710538593035,0.05863789994795059,1,2
1.2081443725483045,6.4169306948017235,1.2244182552134504,0.011346009359180476,0.19219296483635165,2.6831270472381744e-06,1.957282927829134,0.0033422555431616985,3.1333136308485176e-19,0.03829430218428578,4,0.0070760123670207545,0.04936530670405946,1,2
1.311614671480385,3.9971081390501917,1.0460227222803924,0.03585693082368071,0.19034447757205766,1.7706609109534304e-06,1.353182650087123,0.0002998807434586581,4.572701677213799e-19,0.10203525099977184,4,0.006279783666105152,0.08478717676186937,1,2
1.4930089467282306,2.4692525899668514,1.947518752330038,0.013635168422947434,0.09482300657587125,4.415324723861108e-06,9.166934622871878,0.01370374886136716,9.107931500138158e-19,0.023648064310255994,4,0.0065806013830514145,0.3224426378966631,1,2
1.3068469148840212,3.1829908389403667,1.2540061018704216,0.01187762520707978,0.14766594287275497,1.4738997669470666e-05,10.177821300571726,0.011169530819429951,6.6832291769660895e-18,0.036837575742116435,4,0.0063670741946621374,0.09802472171617528,1,2
1.2119764044443215,2.1172583546520682,2.1467917888577444,0.0057749559078393705,0.240105075933711,8.563712847290559e-06,8.449679079412983,0.012738410146987178,8.985149257995405e-19,0.020100815292877654,4,0.007494429732281828,0.051221704446664636,1,2
1.4900813452405615,2.537252703671255,2.2554947275015103,0.006555995038892205,0.07656944665830041,1.2905931078989066e-05,30.265064806442417,0.06207332077564054,2.8352852433996676e-18,0.01106948752500807,4,0.006924465064679357,0.013285197560973114,1,2
1.201751490486083,4.1699545371934725,1.856159948980215,0.006490040008899337,0.3561993836800614,5.233815215948714e-06,10.907315462482243,0.011141931934744775,7.084305190926777e-19,0.023575242044829046,4,0.00703864989749266,0.041072560550791705,1,2
1.4869284519244677,2.0288595658151265,1.0746748675290647,0.018155499416664132,0.0947425190088443,4.832301143713868e-06,2.448898175446663,0.0033540469369555126,5.906314921878861e-19,0.042338477861267626,4,0.006095468227711369,0.14641805815649586,1,2
1.4641201503737622,3.0768235510819277,1.048077418405957,0.006731889174598204,0.19885058774988246,2.0716695760818292e-05,27.735506434272367,0.04234995601875369,3.076080906635778e-18,0.0180997736331771,4,0.005834720332334853,0.2671493271858554,1,2
1.4064996904393128,3.6106471933957756,1.245543741243084,0.006531675984388303,0.08707718188418945,2.189929418535367e-06,1.6062291781888032,0.0002627671775679019,4.3766041586190477e-20,0.016390805033900793,4,0.006233925832611787,0.12346712186004664,1,2
1.4635517781980045,3.3333050175384407,1.1128425804176807,0.018848445124390652,0.1557434763350328,1.1204813045149897e-06,1.420466087364665,0.00014973631935610854,5.505012953029136e-20,0.041489850172202705,4,0.005901423606234219,0.12746168228167107,1,2
1.491955275540964,6.544529202048927,1.2720220496964012,0.028264054749846928,0.15492119276273708,1.3949115146403993e-05,48.67303884081299,0.12481352715420613,4.1501668443733386e-17,0.016030000336350107,4,0.006458127976905582,0.02815721361981824,1,2
1.3680138618391768,5.002975383660083,1.497238359583242,0.006781796679601595,0.36894006957086145,5.600967742699139e-06,27.74059894128057,0.012614465447560619,6.307949650477619e-19,0.006978138177296856,4,0.006875690094462764,0.27104714000259544,1,2
1.2933264039237709,5.177469425738796,1.8738787894845836,0.039093723021505364,0.13110126417613935,1.1984313705017884e-05,21.879049193008267,0.029323546364256714,1.861238044923704e-17,0.6195813659374898,4,0.007412658465757788,0.46622271491779876,1,2
1.1758829656347063,2.302849882507421,1.262860465571838,0.008949259279698304,0.15153067167933074,2.4476410106068436e-06,0.7357497509987484,0.00012213299787955378,7.386424251646537e-20,0.038227285264349015,4,0.006897245186830348,0.06259267807037715,1,2
1.4747623696884418,3.418914630638581,1.4195588369886762,0.03262781165565874,0.36115342592892663,2.0347459582702874e-05,111.49434276723915,0.060502261821024916,8.655009971981289e-17,0.06688156913835802,4,0.006265649787263941,0.09006914717662455,1,2
1.4661513363180345,5.032378289564974,1.323174233157619,0.036909500413610845,0.05348923885848524,3.3430881905356465e-05,31.46917628211581,0.11252552716932485,3.447909005920204e-16,0.04354026404123845,4,0.006470168855406685,0.022950704819470064,1,2
1.2855699772610376,3.0531097692568974,1.544732207971842,0.011482294721933092,0.4241723977426796,2.341789840982993e-05,56.93782499904408,0.0972036224947459,2.32100880841681e-17,0.03433020645494968,4,0.006678413404913125,0.109062808952335,1,2
1.4023537315793464,2.676937220821812,1.4964109953168103,0.005844435822006341,0.3164222598860859,1.1792681256612993e-06,3.337767870416343,0.0015472842641095497,1.0830279815223911e-20,0.013469214743427434,4,0.006427511936696654,0.12633042338863446,1,2
1.2775781805257735,2.416829082305978,2.183080966352979,0.03376676510257594,0.10266053330648281,3.035150518719864e-05,22.76461900862796,0.016793743361077418,2.96650398711711e-16,0.09103904210187583,4,0.00735928156202626,0.1628061198431268,1,2
1.205707550685908,4.874593365833802,1.2582001607485438,0.012627514867262204,0.22822284300383228,3.94995489912694e-06,3.145585805204107,0.001281781406939686,7.775140024109121e-19,0.043667567746489694,4,0.006780069979839997,0.051479989314612555,1,2
1.2120704603546038,4.176993812956772,2.069889281553629,0.03965354529824226,0.11137970742291278,2.739576319534709e-06,2.3119961867231646,0.0032880188550397094,4.8069621647896095e-18,0.11828491577472477,4,0.007201237356216985,0.04192001122723442,1,2
1.1735930851511194,2.5846903624749666,1.0240471449652984,0.00840358919659358,0.303696262414953,1.5662838377743627e-06,0.7800614880481691,6.320518994318292e-05,1.534591773703785e-20,0.0377185832400759,4,0.006934880698648612,0.07380200467655768,1,2
1.3654687682440827,2.893819594773931,1.233311233698052,0.013667655235416958,0.1478259984267902,5.742182546917621e-06,4.774337635264133,0.005925458236104575,1.0743765475387591e-18,0.035992639358814804,4,0.006237764669142169,0.11340834288293289,1,2
1.1864978336169145,4.05707362385586,2.285515908982652,0.005097521457998068,0.06114745022127882,9.897265843340362e-06,4.286353394176004,0.03876544338513632,2.0680263248768313e-18,0.01910636628058268,4,0.007185769441359563,0.0341625774254627,1,2
1.2515777277534168,2.7421359128704568,2.472565926139841,0.009490541767924078,0.49287992598747343,1.11675619918979e-05,47.35961268746339,0.008382280261955088,6.562109330495248e-18,0.026685088603499364,4,0.007474264079569257,0.08460832599009985,1,2
1.1592928774375497,2.790580240801494,1.0718607828429225,0.015303166613556659,0.47777435725655204,1.2285787743937247e-06,0.9875841423115808,0.00015740417986975785,4.205272711668343e-20,0.06646944103357472,4,0.006854672924496217,0.06534712022253227,1,2
1.1585959130180343,2.074843450170932,1.2841960756220565,0.007064428615523805,0.5545249033348115,2.0738706758687226e-05,20.00819671272561,0.024671750352467825,3.5090203715795695e-18,0.03213244485240288,3,0.006897767882170613,0.06306667652368603,1,2
1.4759951064873034,4.135314361000499,2.1219443050059565,0.021834513263958782,0.10332680798342507,1.2849248307848445e-05,72.87473460851992,0.03011461484985034,3.8435864161246115e-17,0.05277525011767202,4,0.007018607726595517,0.007081238707093213,1,2
1.2418700875743531,3.5777502210122822,2.1251552711457125,0.007911974253474388,0.07721885015547765,2.797732495459246e-05,18.45182897086466,0.062245576178170836,3.120239267558656e-17,0.026869447849923886,4,0.007173953285918622,0.141718133742408,1,2
1.3006136040887903,2.486586852942089,1.33807397693069,0.008960837916431794,0.46360903423231,6.356636741300997e-06,12.231856633003966,0.006106297473396083,6.513074263675475e-19,0.027354097319958578,4,0.006514923191233291,0.09072420956439226,1,2
1.4685254804280954,3.604910561416751,2.364987179175105,0.033627229671769114,0.20487516467575306,2.1677295526034494e-05,246.3467752714712,0.24505071719115534,2.40125820131304e-16,0.06982344237567079,4,0.007370871598392272,0.0068389774509429275,1,2
1.2411736417668797,2.3112926065030592,1.739584347013089,0.005608055607017363,0.15976640698745814,1.1308305479383953e-05,7.454119190184443,0.007360273552453833,1.2068768918282418e-18,0.018674152662159896,4,0.006987480850100283,0.06720481344795871,1,2
1.4101684649966988,6.149969547065395,1.205623477972607,0.030238342931222857,0.17161479104163488,1.1431182787621678e-05,22.920149889121703,0.007461616058105136,2.6455288735823883e-17,0.04019272530605107,4,0.006627616652682225,0.4942712125496258,1,2
1.3001971223712199,5.784731621686413,1.3163821188885716,0.005085202130416262,0.3924960388242781,1.330799244136058e-05,38.04019536440251,0.018895205330224485,1.893561182597109e-18,0.00902766602138998,4,0.007008050557700377,0.10705900081604282,1,2
1.3911627458517901,2.3366835177101875,1.2079289586114839,0.01835662459437289,0.3201076562366368,1.3282294055432337e-05,21.52247928173041,0.0051535535982552005,7.739910830282885e-18,0.047612664137291295,4,0.006314729206065427,0.13796958468119055,1,2
1.3473230998364778,4.542345194360619,1.1450468395815383,0.012764597385603928,0.11338794146780848,1.7814457645193953e-05,12.406211753579841,0.008723729189945573,1.1997268797778366e-17,0.029145992637245814,4,0.006424302887797219,0.13196234054944275,1,2
1.3194822212467485,4.929344043771343,1.89016721509255,0.0328438459109935,0.4197480166046816,1.2238022904791253e-06,8.473751134450692,0.0005791524248621727,5.943930312843321e-19,0.08773940499324083,4,0.007301724980821639,0.11620277547799916,1,2
1.3732531311854521,3.19318093364452,1.0968187501171103,0.013518699283793458,0.40641037334470714,2.2546097493682748e-05,46.47397789626986,0.05089666080137789,1.5310576645963657e-17,0.065667222591659,4,0.0060892801696761385,0.1427630045821,1,2
1.182787499260645,2.576983774242794,1.8903579065082436,0.037440191198685246,0.06057075834280546,1.4150652651610666e-06,0.30695527836480546,0.0002774486488434924,8.164531478308862e-19,0.13160440564763656,4,0.006902189925457664,0.04087831000824246,1,2
1.383465320818068,4.326733779795617,2.1026301020509477,0.007551352497883395,0.1707503786968344,2.294646351760961e-05,114.8492927225378,0.3796288594418158,2.1112428199870625e-17,0.03249060677606272,4,0.007232592034375619,0.011856301814869588,1,2
1.2729815363983963,3.2994276595166476,1.0305416140473382,0.026270976838897404,0.15168281281327303,4.387372983428332e-06,1.9580695536610384,0.00437817909963556,1.6305624322448384e-18,0.08570157546826432,4,0.006273658942056813,0.08213032193586421,1,2
1.368762034712226,5.822227488340994,2.2116656555802785,0.010191360505810555,0.22668230858496868,4.55294928417557e-06,44.94459233582575,0.04574302555683829,1.9969792401260815e-18,0.13576842214349855,4,0.007488604161182743,0.019659398165875308,1,2
1.4371279390393559,5.404911771123532,1.833715371277045,0.027713421251489012,0.17747870730511825,9.336159218847477e-06,65.11536471531124,0.037044192608355786,0.0,0.48478482365611886,4,0.00699957602495698,0.011834846166142166,1,2
1.2007845627939888,4.854971315332165,1.3021896062892602,0.016082157214317407,0.05025801716021254,4.7335762385762105e-06,0.8510848628676799,0.0008602618097084402,1.7933724358910865e-18,0.05480835471579232,4,0.006817685175165642,0.049103194026270884,1,2
1.3544368730564402,4.407420576967698,1.6762454661490318,0.008444335869655978,0.2541937885705306,1.3286280862696449e-05,48.30188416080379,0.10208069119616425,6.096102673483731e-18,0.038317246738793075,4,0.00694921870847131,0.8475576973352774,1,2
1.345158319282583,3.20758298663316,1.149534291644851,0.01590867441729814,0.05688264503658078,3.602751016622399e-05,9.966469109880062,0.011182442035615026,5.606912180277214e-17,0.061758700443651254,4,0.006214911283739484,0.1514506815089835,1,2
1.2629452902833944,2.850722513778688,1.5112811020019687,0.006205042457940135,0.44994091967789357,4.615965739343609e-05,95.45130415418075,0.0735829969569366,2.620739602669237e-17,0.02040289603018518,4,0.006674292670615061,0.10505104416189336,1,2
1.431183465683755,4.103932465842404,2.3678480151490144,0.009939403913569867,0.15882319900677025,1.956313534324837e-06,16.44597824220639,0.02233675715576311,2.1924564448526036e-19,0.017109906930713275,4,0.0069905837765439115,0.021325266902484916,1,2
1.2873818455930157,6.393016637651292,1.8364689454015837,0.015551518880278838,0.18940466131623987,1.1992965480630834e-05,34.35442244230209,0.06979831662832225,2.4474960670715273e-17,0.14445917958395216,4,0.0077135533865277505,0.6841194798546705,1,2
1.3523110808107064,3.5255808356451586,1.596922213455244,0.006172914298674533,0.15049635803937078,1.4008061631581205e-05,21.602947993222855,0.10880368111963534,2.875788783476659e-18,0.01606785867022715,4,0.006706927766710651,0.3437206020140544,1,2
1.2203102622731483,2.82939579632527,2.0906038163325076,0.00663264179002924,0.08126596297923644,2.4580480152421144e-05,11.301613984257942,0.060762355899132814,1.3326762894272207e-17,0.02172398482815662,4,0.007073861756624294,0.06245103754915576,1,2
1.1875570439211376,2.914282891966528,2.302865478116337,0.011800091249136713,0.38123087625775715,1.9905882844019217e-05,40.08619345643209,0.06567672373796896,3.224529671960358e-17,0.04076743710041762,4,0.007159891275467083,0.03959592044696322,1,2
1.1561190831546115,2.6333644125836773,2.306056625022994,0.009752992371446115,0.13641063784057975,3.874276972443678e-05,20.265930391232352,0.10673471437954518,7.748539255482255e-17,0.03815010022511643,4,0.007147902103857732,0.031390124399302353,1,2
1.1840099729014442,6.755931369949191,1.80865490956094,0.01847500930100683,0.050105189195152076,1.179180255339902e-05,3.9356917581899378,0.00805510031945822,3.2067564930267676e-17,0.06844876590315026,4,0.007685184692060253,0.03447459672782316,1,2
1.430761833450377,3.276653416189338,1.0692803287064516,0.006579870037988756,0.060631836739332944,5.070369971428181e-06,1.9605613951447356,0.003198095386066413,1.7441463013761346e-19,0.01082399315241846,4,0.005938868456055258,0.13031592852156187,1,2
1.4288346935870264,2.152598909106034,1.4503271557432538,0.011506893590760315,0.1344500869325712,7.850600950882506e-06,7.938276370704166,0.02464928559436963,1.3322236614562104e-18,0.026677345146536573,4,0.006516064257267708,0.17841566507935444,1,2
1.3257563264107701,2.5825758746634992,2.0708238938983716,0.014652054327819356,0.11993066455502617,4.345215475214859e-05,51.39540898997326,0.10247207070738185,1.5636349235158453e-16,0.03713253031908338,4,0.00723558435601942,0.6680842171652834,1,2
1.3872241268901344,2.453167583777693,2.4303282984786576,0.016641343995282845,0.11646376499708504,2.5316144055538864e-06,5.227736984312815,0.005402129467530159,5.857414327512426e-19,0.03329460125174849,4,0.007182573651108681,0.3260286769006102,1,2
1.1709180717712064,2.714848586813237,1.3032051851721582,0.010227077475435522,0.5823322848873423,1.0151896332213353e-05,13.116605410651637,0.00784678447754672,2.4070195857735196e-18,0.042868198011704425,4,0.006664932423481492,0.054993059105268166,1,2
1.2102442764971293,3.1816681203266812,1.4861432217203465,0.00594374648165976,0.16012319470196484,7.304125594099809e-06,4.238180337804031,0.0036990264896292757,6.303918069855742e-19,0.021397317143314325,4,0.006609748869284989,0.05416652974152337,1,2
1.4644047417788508,3.4414000738363835,1.8795302761812893,0.02054789037602868,0.07722960614584089,9.19646955965642e-06,20.040343168824435,0.020935746535418076,1.1757298162187761e-17,0.03703985560872006,4,0.0066414992807632975,0.023376595136988913,1,2
1.2957239954604065,2.4520531498652582,1.0221702367910277,0.039655265367925734,0.06261056967035135,3.208655659773001e-05,5.398524159531444,0.0005681868972366999,1.1632324648977564e-16,0.12832398049976576,4,0.006366645506514481,0.10332065257806268,1,2
1.2676337670216296,2.21555107958233,2.4202513480979113,0.01973559454635872,0.13662769045677176,2.6525567885080246e-05,25.62363072137619,0.005405964033528221,9.895568882640932e-17,0.055644880765231074,4,0.007706430486363282,0.12524488267787262,1,2
1.387916252033961,3.3660517349245493,1.9304723258323153,0.02319004938405169,0.07669933408722021,1.6484395195786123e-05,22.72760755692732,0.0667647031552221,5.2353100277613384e-17,0.05011982111663901,4,0.006896729993988042,0.08660507992366376,1,2
1.4671123802932717,4.733202440355719,2.0801463005472636,0.03917494343842497,0.36173365135983293,6.282362282106386e-06,135.68201791228523,0.024804772856082735,2.3321058671230223e-17,0.10341300135363223,4,0.006925267449471531,0.008219517998266326,1,2
1.335263878773427,5.226757439889896,1.784979888777291,0.0057944726712471474,0.05806184496958037,2.9054910863730715e-06,2.8809347658574924,0.009461672451374525,1.7360057033509511e-19,0.052859895633062697,4,0.007274684095336642,0.22001613400558448,1,2
1.4292902106183911,2.6399499782391906,1.3395121692805056,0.02768994711438096,0.06888286774216995,2.988320954264516e-06,1.6790669738343107,0.00017839979646971926,8.852077754508532e-19,0.06071686508502941,4,0.006217821236971423,0.14282814417573256,1,2
1.2310824498208002,2.122268400630491,1.974785215138253,0.009739029725217493,0.13767613668878043,3.6796996450553604e-06,2.122557793349108,0.0006307519217187973,3.7817201902060343e-19,0.032590387564813986,4,0.00728703958292941,0.058653756010669876,1,2
1.1702889435701387,5.763433777490873,1.131153442172237,0.009053648008526668,0.2998250639067132,3.907183592542454e-06,3.0058417399040764,0.0001220819871470269,3.681503503332878e-19,0.03601816849331321,4,0.0068662155688807135,0.04701162311996576,1,2
1.3157704137659336,3.024655689001286,1.6707619022188762,0.0096724190761246,0.15542923495935973,1.0353908666404911e-06,1.2457345220516378,0.00044977308829086127,2.998130005675113e-20,0.025132807388612285,4,0.0067287029805836625,0.0895031387151881,1,2
1.154653867836108,3.7741097669732686,2.114101957416225,0.03988513135854936,0.3678953405725071,7.779879899145825e-06,13.263385334662807,0.0007106058342429833,4.3530831665019445e-17,0.14476473615579286,4,0.006908879155529729,0.02492763002592061,1,2
1.3647409921712816,4.637898254733382,1.9513904839537022,0.039326528578632614,0.11745163165017852,5.732384669676115e-06,15.627108554546464,0.012648781403305165,1.708080574952661e-17,0.10965868140716292,4,0.007147117566495269,0.28655465763666654,1,2
1.4144469245344664,2.6215645041665674,1.0918989699055859,0.03241814870446693,0.0520217673359398,3.301940934147485e-05,8.893067629401106,0.02753134371806354,1.0640037683188841e-16,0.08090967938444307,4,0.00604356697445007,0.2049257757721188,1,2
1.4664317247634107,2.461123029623357,1.997622668724937,0.009116082686167435,0.09806627785710682,4.689759027665587e-05,90.48798715687559,0.5703312169201809,6.549031755396399e-17,0.017634678520085413,4,0.007110123815960241,0.012718302697919282,1,2
1.4556220473366441,5.210673814020272,1.491189088331844,0.03884180516259047,0.20636150949700013,4.6245257254096384e-05,224.9281025931433,0.2685793092484978,8.98532133609961e-16,0.40053071161027876,4,0.006823546446577937,0.01009455709225861,1,2
1.3929677632740862,2.1207975342589402,2.0779653950681642,0.028558782939170926,0.44650188665214197,1.139852535965292e-05,57.105525000780624,0.07355815662699428,2.3877283568603766e-17,0.06117010602854951,4,0.007349369947745819,0.47033812223814453,1,2
1.161551301458754,5.929239676375606,1.4720597673835054,0.007524893397786028,0.08393790789285277,2.200132185423341e-06,0.6850095492727685,0.001277122912139106,1.413219650613247e-19,0.026989410830515443,4,0.007138372121325727,0.03251701655275771,1,2
1.4282971994519669,2.1906652061850713,2.319548660539157,0.005178527098668752,0.3013711472295429,2.4645822347734806e-06,12.904855211632418,0.007338346898048798,5.538367622561385e-20,0.010190955759675706,4,0.0071468603442353925,0.3720393441408801,1,2
1.3185662967416467,2.4974220456325007,2.280471483980614,0.006914442796956594,0.15950391402312394,1.081303276262585e-05,18.219847090152324,0.051644184281745,2.4905095935253305e-18,0.01708357390983228,4,0.007329803098831541,0.21852445315156926,1,2
1.297164516736141,2.6221278891441875,1.304355234595621,0.03490706639042614,0.06825145681058783,1.0711769895938794e-06,0.29976143036247904,3.8808586281469104e-05,2.2771538915813816e-19,0.10171602857235443,4,0.006424843935401125,0.08548821682405015,1,2
1.4640566775521033,6.070078154451248,1.87350567291446,0.013341200662515429,0.5324596946416945,5.033856180630812e-06,156.85014047706116,0.0006914931041812622,0.0,0.4832576965175749,4,0.006980870653098043,0.008867965355188051,1,2
1.1539717529765479,3.4499754048975673,1.6240309385809637,0.015636369974279685,0.45443046583319513,1.3033914433405761e-06,1.8137169284382428,0.0005514704212004062,1.611235891377416e-19,0.06186827528377864,4,0.006670056466548836,0.0343155448242214,1,2
1.442980927020761,3.847655608640911,1.9559835042589278,0.01181984985148549,0.10436898762314006,3.718303246529671e-06,12.330947884002851,0.0039229252115511315,8.020871067475772e-19,0.021590267776462946,4,0.006744224405408775,0.05874762677688369,1,2
1.2370116853284199,3.5301724452272407,1.7294584997091988,0.02814407884420812,0.07712750539991844,5.816404515079835e-06,2.6108033279312224,0.004965410274948567,8.531570199816288e-18,0.0854779478895978,4,0.006863507599649341,0.0583455876253626,1,2
1.3246392416803514,5.574077202248739,1.916998177740382,0.018270805721455,0.26712462616513466,5.7731425316498725e-06,30.74949758926344,0.030765685112523755,3.117979164055521e-18,0.5883458496531566,4,0.007462300685973206,0.8946621249027934,1,2
1.4248337011794405,5.709694021939896,1.680057316480431,0.006377392874235697,0.14419372282751453,2.816670256761591e-06,12.066071670463183,0.018123443628891067,1.7024346319372433e-19,0.00573851147839523,4,0.006944173338433307,0.17832571226606075,1,2
1.210123719922908,2.9003674334121,2.1185977406744922,0.010305231604541082,0.14542886681118464,4.470235363246325e-06,3.5890632830002973,0.002714382176138841,1.0133898845409804e-18,0.033325656934249784,4,0.007035470866969069,0.04502942339999588,1,2
